cf:id,edge_type,prov:type,prov:activity,prov:entity
14,used,perm_exec,cf:AQAAAAAAAEDW8QAAAAAAAAEAAADE+3Y2AwAAAAAAAAA=,cf:AAEAAAAAACDt8QAAAAAAAAEAAADE+3Y2AAAAAAAAAAA=
55,used,memory_read,cf:AQAAAAAAAEDW8QAAAAAAAAEAAADE+3Y2DQAAAAAAAAA=,cf:AAAACAAAACDV8QAAAAAAAAEAAADE+3Y2AwAAAAAAAAA=
10,used,memory_read,cf:AQAAAAAAAEDW8QAAAAAAAAEAAADE+3Y2AgAAAAAAAAA=,cf:AAAACAAAACDV8QAAAAAAAAEAAADE+3Y2AAAAAAAAAAA=
38,used,perm_exec,cf:AQAAAAAAAEDW8QAAAAAAAAEAAADE+3Y2CQAAAAAAAAA=,cf:AAEAAAAAACDt8QAAAAAAAAEAAADE+3Y2AAAAAAAAAAA=
34,used,memory_read,cf:AQAAAAAAAEDW8QAAAAAAAAEAAADE+3Y2CAAAAAAAAAA=,cf:AAAACAAAACDV8QAAAAAAAAEAAADE+3Y2AgAAAAAAAAA=
41,used,getattr,cf:AQAAAAAAAEDW8QAAAAAAAAEAAADE+3Y2CgAAAAAAAAA=,cf:AAEAAAAAACDt8QAAAAAAAAEAAADE+3Y2AAAAAAAAAAA=
29,used,getattr,cf:AQAAAAAAAEDW8QAAAAAAAAEAAADE+3Y2BwAAAAAAAAA=,cf:AAEAAAAAACDt8QAAAAAAAAEAAADE+3Y2AAAAAAAAAAA=
5,used,getattr,cf:AQAAAAAAAEDW8QAAAAAAAAEAAADE+3Y2AQAAAAAAAAA=,cf:AAEAAAAAACDt8QAAAAAAAAEAAADE+3Y2AAAAAAAAAAA=
26,used,perm_read,cf:AQAAAAAAAEDW8QAAAAAAAAEAAADE+3Y2BgAAAAAAAAA=,cf:AAEAAAAAACDt8QAAAAAAAAEAAADE+3Y2AAAAAAAAAAA=
22,used,memory_read,cf:AQAAAAAAAEDW8QAAAAAAAAEAAADE+3Y2BQAAAAAAAAA=,cf:AAAACAAAACDV8QAAAAAAAAEAAADE+3Y2AQAAAAAAAAA=
1,used,read,cf:AQAAAAAAAEDW8QAAAAAAAAEAAADE+3Y2AAAAAAAAAAA=,cf:AAEAAAAAACAA8QAAAAAAAAEAAADE+3Y2AAAAAAAAAAA=
17,used,getattr,cf:AQAAAAAAAEDW8QAAAAAAAAEAAADE+3Y2BAAAAAAAAAA=,cf:AAEAAAAAACDt8QAAAAAAAAEAAADE+3Y2AAAAAAAAAAA=
46,used,memory_read,cf:AQAAAAAAAEDW8QAAAAAAAAEAAADE+3Y2CwAAAAAAAAA=,cf:AAAACAAAACDV8QAAAAAAAAEAAADE+3Y2AwAAAAAAAAA=
50,used,perm_read,cf:AQAAAAAAAEDW8QAAAAAAAAEAAADE+3Y2DAAAAAAAAAA=,cf:AAEAAAAAACDt8QAAAAAAAAEAAADE+3Y2AAAAAAAAAAA=
6,wasGeneratedBy,memory_write,cf:AQAAAAAAAEDW8QAAAAAAAAEAAADE+3Y2AQAAAAAAAAA=,cf:AAAACAAAACDV8QAAAAAAAAEAAADE+3Y2AAAAAAAAAAA=
11,wasGeneratedBy,clone_mem,cf:AQAAAAAAAEDW8QAAAAAAAAEAAADE+3Y2AgAAAAAAAAA=,cf:AAAACAAAACDv8QAAAAAAAAEAAADE+3Y2AAAAAAAAAAA=
19,wasGeneratedBy,memory_write,cf:AQAAAAAAAEDW8QAAAAAAAAEAAADE+3Y2BAAAAAAAAAA=,cf:AAAACAAAACDV8QAAAAAAAAEAAADE+3Y2AQAAAAAAAAA=
23,wasGeneratedBy,clone_mem,cf:AQAAAAAAAEDW8QAAAAAAAAEAAADE+3Y2BQAAAAAAAAA=,cf:AAAACAAAACDx8QAAAAAAAAEAAADE+3Y2AAAAAAAAAAA=
47,wasGeneratedBy,clone_mem,cf:AQAAAAAAAEDW8QAAAAAAAAEAAADE+3Y2CwAAAAAAAAA=,cf:AAAACAAAACD18QAAAAAAAAEAAADE+3Y2AAAAAAAAAAA=
2,wasGeneratedBy,memory_write,cf:AQAAAAAAAEDW8QAAAAAAAAEAAADE+3Y2AAAAAAAAAAA=,cf:AAAACAAAACDV8QAAAAAAAAEAAADE+3Y2AAAAAAAAAAA=
51,wasGeneratedBy,memory_write,cf:AQAAAAAAAEDW8QAAAAAAAAEAAADE+3Y2DAAAAAAAAAA=,cf:AAAACAAAACD18QAAAAAAAAEAAADE+3Y2AAAAAAAAAAA=
39,wasGeneratedBy,memory_write,cf:AQAAAAAAAEDW8QAAAAAAAAEAAADE+3Y2CQAAAAAAAAA=,cf:AAAACAAAACDz8QAAAAAAAAEAAADE+3Y2AAAAAAAAAAA=
15,wasGeneratedBy,memory_write,cf:AQAAAAAAAEDW8QAAAAAAAAEAAADE+3Y2AwAAAAAAAAA=,cf:AAAACAAAACDv8QAAAAAAAAEAAADE+3Y2AAAAAAAAAAA=
43,wasGeneratedBy,memory_write,cf:AQAAAAAAAEDW8QAAAAAAAAEAAADE+3Y2CgAAAAAAAAA=,cf:AAAACAAAACDV8QAAAAAAAAEAAADE+3Y2AwAAAAAAAAA=
35,wasGeneratedBy,clone_mem,cf:AQAAAAAAAEDW8QAAAAAAAAEAAADE+3Y2CAAAAAAAAAA=,cf:AAAACAAAACDz8QAAAAAAAAEAAADE+3Y2AAAAAAAAAAA=
31,wasGeneratedBy,memory_write,cf:AQAAAAAAAEDW8QAAAAAAAAEAAADE+3Y2BwAAAAAAAAA=,cf:AAAACAAAACDV8QAAAAAAAAEAAADE+3Y2AgAAAAAAAAA=
27,wasGeneratedBy,memory_write,cf:AQAAAAAAAEDW8QAAAAAAAAEAAADE+3Y2BgAAAAAAAAA=,cf:AAAACAAAACDx8QAAAAAAAAEAAADE+3Y2AAAAAAAAAAA=
40,wasInformedBy,version_activity,N/A,N/A
21,wasInformedBy,version_activity,N/A,N/A
33,wasInformedBy,version_activity,N/A,N/A
28,wasInformedBy,version_activity,N/A,N/A
9,wasInformedBy,version_activity,N/A,N/A
16,wasInformedBy,version_activity,N/A,N/A
54,wasInformedBy,version_activity,N/A,N/A
4,wasInformedBy,version_activity,N/A,N/A
49,wasInformedBy,version_activity,N/A,N/A
25,wasInformedBy,version_activity,N/A,N/A
37,wasInformedBy,version_activity,N/A,N/A
13,wasInformedBy,version_activity,N/A,N/A
45,wasInformedBy,version_activity,N/A,N/A
20,wasDerivedFrom,sh_read,N/A,N/A
30,wasDerivedFrom,version_entity,N/A,N/A
44,wasDerivedFrom,sh_read,N/A,N/A
36,wasDerivedFrom,named,N/A,N/A
32,wasDerivedFrom,sh_read,N/A,N/A
24,wasDerivedFrom,named,N/A,N/A
12,wasDerivedFrom,named,N/A,N/A
48,wasDerivedFrom,named,N/A,N/A
18,wasDerivedFrom,version_entity,N/A,N/A
8,wasDerivedFrom,sh_read,N/A,N/A
3,wasDerivedFrom,named,N/A,N/A
7,wasDerivedFrom,named,N/A,N/A
42,wasDerivedFrom,version_entity,N/A,N/A
68,used,memory_read,cf:AQAAAAAAAED48QAAAAAAAAEAAADE+3Y2AAAAAAAAAAA=,cf:AAAACAAAACD38QAAAAAAAAEAAADE+3Y2AAAAAAAAAAA=
101,used,memory_read,cf:AQAAAAAAAEAL4gAAAAAAAAEAAADE+3Y2AAAAAAAAAAA=,cf:AAAACAAAACCX1wAAAAAAAAEAAADE+3Y2AAAAAAAAAAA=
52,used,read,cf:AQAAAAAAAEDUxgAAAAAAAAEAAADE+3Y2AAAAAAAAAAA=,cf:AAEAAAAAACBjywAAAAAAAAEAAADE+3Y2AAAAAAAAAAA=
72,used,perm_exec,cf:AQAAAAAAAED48QAAAAAAAAEAAADE+3Y2AQAAAAAAAAA=,cf:AAEAAAAAACDt8QAAAAAAAAEAAADE+3Y2AAAAAAAAAAA=
61,used,getattr,cf:AQAAAAAAAEDUxgAAAAAAAAEAAADE+3Y2AQAAAAAAAAA=,cf:AAEAAAAAACBjywAAAAAAAAEAAADE+3Y2AAAAAAAAAAA=
66,used,getattr,cf:AQAAAAAAAEDUxgAAAAAAAAEAAADE+3Y2AgAAAAAAAAA=,cf:AAEAAAAAACBjywAAAAAAAAEAAADE+3Y2AAAAAAAAAAA=
78,used,read,cf:AQAAAAAAAED48QAAAAAAAAEAAADE+3Y2AgAAAAAAAAA=,cf:AAEAAAAAACDt8QAAAAAAAAEAAADE+3Y2AAAAAAAAAAA=
64,used,perm_read,cf:AQAAAAAAAEDUxgAAAAAAAAEAAADE+3Y2AgAAAAAAAAA=,cf:AAEAAAAAACBjywAAAAAAAAEAAADE+3Y2AAAAAAAAAAA=
65,used,open,cf:AQAAAAAAAEDUxgAAAAAAAAEAAADE+3Y2AgAAAAAAAAA=,cf:AAEAAAAAACBjywAAAAAAAAEAAADE+3Y2AAAAAAAAAAA=
76,used,open,cf:AQAAAAAAAED48QAAAAAAAAEAAADE+3Y2AgAAAAAAAAA=,cf:AAEAAAAAACDt8QAAAAAAAAEAAADE+3Y2AAAAAAAAAAA=
62,wasGeneratedBy,memory_write,cf:AQAAAAAAAEDUxgAAAAAAAAEAAADE+3Y2AQAAAAAAAAA=,cf:AAAACAAAACDYxgAAAAAAAAEAAADE+3Y2AAAAAAAAAAA=
69,wasGeneratedBy,clone_mem,cf:AQAAAAAAAED48QAAAAAAAAEAAADE+3Y2AAAAAAAAAAA=,cf:AAAACAAAACD78QAAAAAAAAEAAADE+3Y2AAAAAAAAAAA=
56,wasGeneratedBy,clone_mem,cf:AQAAAAAAAEDW8QAAAAAAAAEAAADE+3Y2DQAAAAAAAAA=,cf:AAAACAAAACD38QAAAAAAAAEAAADE+3Y2AAAAAAAAAAA=
53,wasGeneratedBy,memory_write,cf:AQAAAAAAAEDUxgAAAAAAAAEAAADE+3Y2AAAAAAAAAAA=,cf:AAAACAAAACDYxgAAAAAAAAEAAADE+3Y2AAAAAAAAAAA=
74,wasGeneratedBy,memory_write,cf:AQAAAAAAAED48QAAAAAAAAEAAADE+3Y2AQAAAAAAAAA=,cf:AAAACAAAACD38QAAAAAAAAEAAADE+3Y2AQAAAAAAAAA=
102,wasGeneratedBy,send_msg,cf:AQAAAAAAAEAL4gAAAAAAAAEAAADE+3Y2AAAAAAAAAAA=,cf:ACAAAAAAACDM7wAAAAAAAAEAAADE+3Y2AAAAAAAAAAA=
63,wasInformedBy,version_activity,N/A,N/A
87,wasInformedBy,terminate_task,N/A,N/A
75,wasInformedBy,version_activity,N/A,N/A
60,wasInformedBy,version_activity,N/A,N/A
57,wasInformedBy,clone,N/A,N/A
71,wasInformedBy,version_activity,N/A,N/A
91,wasDerivedFrom,terminate_proc,N/A,N/A
70,wasDerivedFrom,named,N/A,N/A
105,wasDerivedFrom,version_entity,N/A,N/A
77,wasDerivedFrom,exec,N/A,N/A
103,wasDerivedFrom,receive_unix,N/A,N/A
89,wasDerivedFrom,terminate_proc,N/A,N/A
58,wasDerivedFrom,named,N/A,N/A
73,wasDerivedFrom,version_entity,N/A,N/A
104,wasDerivedFrom,named,N/A,N/A
59,wasDerivedFrom,named,N/A,N/A
90,wasDerivedFrom,terminate_proc,N/A,N/A
100,wasDerivedFrom,sh_read,N/A,N/A
67,wasDerivedFrom,sh_read,N/A,N/A
99,wasDerivedFrom,sh_read,N/A,N/A
88,wasDerivedFrom,terminate_proc,N/A,N/A
85,used,open,cf:AQAAAAAAAEDUxgAAAAAAAAEAAADE+3Y2AgAAAAAAAAA=,cf:AAEAAAAAACBzywAAAAAAAAEAAADE+3Y2AAAAAAAAAAA=
82,used,open,cf:AQAAAAAAAEDUxgAAAAAAAAEAAADE+3Y2AgAAAAAAAAA=,cf:AAEAAAAAACBzywAAAAAAAAEAAADE+3Y2AAAAAAAAAAA=
83,used,getattr,cf:AQAAAAAAAEDUxgAAAAAAAAEAAADE+3Y2AgAAAAAAAAA=,cf:AAEAAAAAACBzywAAAAAAAAEAAADE+3Y2AAAAAAAAAAA=
81,used,perm_read,cf:AQAAAAAAAEDUxgAAAAAAAAEAAADE+3Y2AgAAAAAAAAA=,cf:AAEAAAAAACBzywAAAAAAAAEAAADE+3Y2AAAAAAAAAAA=
84,used,perm_read,cf:AQAAAAAAAEDUxgAAAAAAAAEAAADE+3Y2AgAAAAAAAAA=,cf:AAEAAAAAACBzywAAAAAAAAEAAADE+3Y2AAAAAAAAAAA=
79,used,getattr,cf:AQAAAAAAAEDUxgAAAAAAAAEAAADE+3Y2AgAAAAAAAAA=,cf:AAEAAAAAACBzywAAAAAAAAEAAADE+3Y2AAAAAAAAAAA=
86,used,read,cf:AQAAAAAAAEDUxgAAAAAAAAEAAADE+3Y2AgAAAAAAAAA=,cf:AAEAAAAAACBzywAAAAAAAAEAAADE+3Y2AAAAAAAAAAA=
106,wasDerivedFrom,sh_read,N/A,N/A
80,wasDerivedFrom,named,N/A,N/A
107,wasDerivedFrom,sh_read,N/A,N/A
92,wasDerivedFrom,terminate_proc,N/A,N/A
93,wasDerivedFrom,terminate_proc,N/A,N/A
94,wasDerivedFrom,terminate_proc,N/A,N/A
110,used,receive_msg,cf:AQAAAAAAAEBcjgAAAAAAAAAAAADE+3Y2AAAAAAAAAAA=,cf:ACAAAAAAACDN7wAAAAAAAAEAAADE+3Y2AAAAAAAAAAA=
122,used,memory_read,cf:AQAAAAAAAEBcjgAAAAAAAAAAAADE+3Y2AQAAAAAAAAA=,cf:AAAACAAAACDDkwAAAAAAAAAAAADE+3Y2AAAAAAAAAAA=
127,used,receive_msg,cf:AQAAAAAAAEAL4gAAAAAAAAEAAADE+3Y2AQAAAAAAAAA=,cf:ACAAAAAAACDM7wAAAAAAAAEAAADE+3Y2AQAAAAAAAAA=
112,wasGeneratedBy,memory_write,cf:AQAAAAAAAEBcjgAAAAAAAAAAAADE+3Y2AAAAAAAAAAA=,cf:AAAACAAAACDDkwAAAAAAAAAAAADE+3Y2AAAAAAAAAAA=
123,wasGeneratedBy,send_msg,cf:AQAAAAAAAEBcjgAAAAAAAAAAAADE+3Y2AQAAAAAAAAA=,cf:ACAAAAAAACDN7wAAAAAAAAEAAADE+3Y2AQAAAAAAAAA=
120,wasGeneratedBy,memory_write,cf:AQAAAAAAAEBcjgAAAAAAAAAAAADE+3Y2AAAAAAAAAAA=,cf:AAAACAAAACDDkwAAAAAAAAAAAADE+3Y2AAAAAAAAAAA=
129,wasGeneratedBy,memory_write,cf:AQAAAAAAAEAL4gAAAAAAAAEAAADE+3Y2AQAAAAAAAAA=,cf:AAAACAAAACCX1wAAAAAAAAEAAADE+3Y2AwAAAAAAAAA=
126,wasInformedBy,version_activity,N/A,N/A
121,wasInformedBy,version_activity,N/A,N/A
116,wasDerivedFrom,sh_read,N/A,N/A
114,wasDerivedFrom,version_entity,N/A,N/A
111,wasDerivedFrom,sh_read,N/A,N/A
118,wasDerivedFrom,named,N/A,N/A
96,wasDerivedFrom,terminate_proc,N/A,N/A
119,wasDerivedFrom,send_unix,N/A,N/A
115,wasDerivedFrom,receive_unix,N/A,N/A
95,wasDerivedFrom,terminate_proc,N/A,N/A
141,wasDerivedFrom,sh_read,N/A,N/A
97,wasDerivedFrom,terminate_proc,N/A,N/A
98,wasDerivedFrom,terminate_proc,N/A,N/A
108,wasDerivedFrom,send_unix,N/A,N/A
142,wasDerivedFrom,sh_read,N/A,N/A
128,wasDerivedFrom,version_entity,N/A,N/A
143,wasDerivedFrom,sh_read,N/A,N/A
113,wasDerivedFrom,sh_read,N/A,N/A
117,wasDerivedFrom,sh_read,N/A,N/A
109,wasDerivedFrom,version_entity,N/A,N/A
148,used,read_ioctl,cf:AQAAAAAAAEBqTwAAAAAAAAAAAADE+3Y2AQAAAAAAAAA=,cf:ACAAAAAAACDaTgAAAAAAAAAAAADE+3Y2AAAAAAAAAAA=
174,used,getattr,cf:AQAAAAAAAEAJAAAAAAAAAAAAAADE+3Y2AQAAAAAAAAA=,cf:AAEAAAAAACAD8gAAAAAAAAEAAADE+3Y2AQAAAAAAAAA=
175,used,read,cf:AQAAAAAAAEAJAAAAAAAAAAAAAADE+3Y2AQAAAAAAAAA=,cf:AAEAAAAAACAD8gAAAAAAAAEAAADE+3Y2AQAAAAAAAAA=
166,used,getattr,cf:AQAAAAAAAEBqTwAAAAAAAAAAAADE+3Y2AwAAAAAAAAA=,cf:AAEAAAAAACDRmQAAAAAAAAAAAADE+3Y2AAAAAAAAAAA=
131,used,getattr,cf:AQAAAAAAAEBcjgAAAAAAAAAAAADE+3Y2AgAAAAAAAAA=,cf:AAEAAAAAACCikwAAAAAAAAAAAADE+3Y2AAAAAAAAAAA=
169,used,read,cf:AQAAAAAAAEBqTwAAAAAAAAAAAADE+3Y2AwAAAAAAAAA=,cf:AAEAAAAAACDRmQAAAAAAAAAAAADE+3Y2AAAAAAAAAAA=
165,used,open,cf:AQAAAAAAAEBqTwAAAAAAAAAAAADE+3Y2AwAAAAAAAAA=,cf:AAEAAAAAACDRmQAAAAAAAAAAAADE+3Y2AAAAAAAAAAA=
168,used,perm_read,cf:AQAAAAAAAEAJAAAAAAAAAAAAAADE+3Y2AQAAAAAAAAA=,cf:AAEAAAAAACAD8gAAAAAAAAEAAADE+3Y2AAAAAAAAAAA=
132,used,memory_read,cf:AQAAAAAAAEBcjgAAAAAAAAAAAADE+3Y2AgAAAAAAAAA=,cf:AAAACAAAACDDkwAAAAAAAAAAAADE+3Y2AAAAAAAAAAA=
145,used,memory_read,cf:AQAAAAAAAEBqTwAAAAAAAAAAAADE+3Y2AAAAAAAAAAA=,cf:AAAACAAAACAeUAAAAAAAAAAAAADE+3Y2AAAAAAAAAAA=
172,used,open,cf:AQAAAAAAAEAJAAAAAAAAAAAAAADE+3Y2AQAAAAAAAAA=,cf:AAEAAAAAACAD8gAAAAAAAAEAAADE+3Y2AQAAAAAAAAA=
159,used,receive_msg,cf:AQAAAAAAAEBqTwAAAAAAAAAAAADE+3Y2AgAAAAAAAAA=,cf:ACAAAAAAACDaTgAAAAAAAAAAAADE+3Y2AAAAAAAAAAA=
163,used,perm_read,cf:AQAAAAAAAEBqTwAAAAAAAAAAAADE+3Y2AwAAAAAAAAA=,cf:AAEAAAAAACDRmQAAAAAAAAAAAADE+3Y2AAAAAAAAAAA=
137,used,receive_msg,cf:AQAAAAAAAEAJAAAAAAAAAAAAAADE+3Y2AAAAAAAAAAA=,cf:ACAAAAAAACB0jgAAAAAAAAAAAADE+3Y2AAAAAAAAAAA=
133,wasGeneratedBy,send_msg,cf:AQAAAAAAAEBcjgAAAAAAAAAAAADE+3Y2AgAAAAAAAAA=,cf:ACAAAAAAACDQmQAAAAAAAAAAAADE+3Y2AAAAAAAAAAA=
138,wasGeneratedBy,memory_write,cf:AQAAAAAAAEAJAAAAAAAAAAAAAADE+3Y2AAAAAAAAAAA=,cf:AAAACAAAACCmRgAAAAAAAAAAAADE+3Y2AAAAAAAAAAA=
161,wasGeneratedBy,memory_write,cf:AQAAAAAAAEBqTwAAAAAAAAAAAADE+3Y2AgAAAAAAAAA=,cf:AAAACAAAACAeUAAAAAAAAAAAAADE+3Y2AgAAAAAAAAA=
146,wasGeneratedBy,write_ioctl,cf:AQAAAAAAAEBqTwAAAAAAAAAAAADE+3Y2AAAAAAAAAAA=,cf:ACAAAAAAACDaTgAAAAAAAAAAAADE+3Y2AAAAAAAAAAA=
135,wasGeneratedBy,send_msg,cf:AQAAAAAAAEBcjgAAAAAAAAAAAADE+3Y2AgAAAAAAAAA=,cf:ACAAAAAAACDKkwAAAAAAAAAAAADE+3Y2AAAAAAAAAAA=
150,wasGeneratedBy,memory_write,cf:AQAAAAAAAEBqTwAAAAAAAAAAAADE+3Y2AQAAAAAAAAA=,cf:AAAACAAAACAeUAAAAAAAAAAAAADE+3Y2AQAAAAAAAAA=
140,wasGeneratedBy,memory_write,cf:AQAAAAAAAEAJAAAAAAAAAAAAAADE+3Y2AAAAAAAAAAA=,cf:AAAACAAAACCmRgAAAAAAAAAAAADE+3Y2AAAAAAAAAAA=
162,wasInformedBy,version_activity,N/A,N/A
167,wasInformedBy,version_activity,N/A,N/A
158,wasInformedBy,version_activity,N/A,N/A
147,wasInformedBy,version_activity,N/A,N/A
130,wasInformedBy,version_activity,N/A,N/A
153,wasDerivedFrom,version_entity,N/A,N/A
125,wasDerivedFrom,receive_unix,N/A,N/A
152,wasDerivedFrom,sh_write,N/A,N/A
144,wasDerivedFrom,sh_read,N/A,N/A
170,wasDerivedFrom,version_entity,N/A,N/A
124,wasDerivedFrom,version_entity,N/A,N/A
164,wasDerivedFrom,named,N/A,N/A
160,wasDerivedFrom,version_entity,N/A,N/A
157,wasDerivedFrom,named,N/A,N/A
171,wasDerivedFrom,named,N/A,N/A
136,wasDerivedFrom,receive_unix,N/A,N/A
156,wasDerivedFrom,sh_write,N/A,N/A
139,wasDerivedFrom,named,N/A,N/A
149,wasDerivedFrom,version_entity,N/A,N/A
134,wasDerivedFrom,send_unix,N/A,N/A
155,wasDerivedFrom,version_entity,N/A,N/A
154,wasDerivedFrom,sh_write,N/A,N/A
151,wasDerivedFrom,version_entity,N/A,N/A
222,used,perm_read,cf:AQAAAAAAAEDUxgAAAAAAAAEAAADE+3Y2AgAAAAAAAAA=,cf:AAEAAAAAACBzywAAAAAAAAEAAADE+3Y2AAAAAAAAAAA=
223,used,open,cf:AQAAAAAAAEDUxgAAAAAAAAEAAADE+3Y2AgAAAAAAAAA=,cf:AAEAAAAAACBzywAAAAAAAAEAAADE+3Y2AAAAAAAAAAA=
173,used,read_link,cf:AQAAAAAAAEBqTwAAAAAAAAAAAADE+3Y2AwAAAAAAAAA=,cf:gAAAAAAAACDSmQAAAAAAAAAAAADE+3Y2AAAAAAAAAAA=
245,used,memory_read,cf:AQAAAAAAAEDUxgAAAAAAAAEAAADE+3Y2BAAAAAAAAAA=,cf:AAAACAAAACDYxgAAAAAAAAEAAADE+3Y2AAAAAAAAAAA=
236,used,read,cf:AQAAAAAAAEDUxgAAAAAAAAEAAADE+3Y2AwAAAAAAAAA=,cf:AAEAAAAAACBlywAAAAAAAAEAAADE+3Y2AAAAAAAAAAA=
246,used,read,cf:AQAAAAAAAEDUxgAAAAAAAAEAAADE+3Y2BAAAAAAAAAA=,cf:AAEAAAAAACBlywAAAAAAAAEAAADE+3Y2AAAAAAAAAAA=
234,used,open,cf:AQAAAAAAAEDUxgAAAAAAAAEAAADE+3Y2AwAAAAAAAAA=,cf:AAEAAAAAACBlywAAAAAAAAEAAADE+3Y2AAAAAAAAAAA=
235,used,getattr,cf:AQAAAAAAAEDUxgAAAAAAAAEAAADE+3Y2AwAAAAAAAAA=,cf:AAEAAAAAACBlywAAAAAAAAEAAADE+3Y2AAAAAAAAAAA=
242,used,read,cf:AQAAAAAAAEDUxgAAAAAAAAEAAADE+3Y2BAAAAAAAAAA=,cf:AAEAAAAAACBlywAAAAAAAAEAAADE+3Y2AAAAAAAAAAA=
225,used,getattr,cf:AQAAAAAAAEDUxgAAAAAAAAEAAADE+3Y2AgAAAAAAAAA=,cf:AAEAAAAAACBlywAAAAAAAAEAAADE+3Y2AAAAAAAAAAA=
240,used,read,cf:AQAAAAAAAEDUxgAAAAAAAAEAAADE+3Y2BAAAAAAAAAA=,cf:AAEAAAAAACBlywAAAAAAAAEAAADE+3Y2AAAAAAAAAAA=
227,used,open,cf:AQAAAAAAAEDUxgAAAAAAAAEAAADE+3Y2AgAAAAAAAAA=,cf:AAEAAAAAACAM8gAAAAAAAAEAAADE+3Y2AAAAAAAAAAA=
224,used,getattr,cf:AQAAAAAAAEDUxgAAAAAAAAEAAADE+3Y2AgAAAAAAAAA=,cf:AAEAAAAAACBzywAAAAAAAAEAAADE+3Y2AAAAAAAAAAA=
229,used,memory_read,cf:AQAAAAAAAEDUxgAAAAAAAAEAAADE+3Y2AgAAAAAAAAA=,cf:AAAACAAAACDYxgAAAAAAAAEAAADE+3Y2AAAAAAAAAAA=
243,used,memory_read,cf:AQAAAAAAAEDUxgAAAAAAAAEAAADE+3Y2BAAAAAAAAAA=,cf:AAAACAAAACDYxgAAAAAAAAEAAADE+3Y2AAAAAAAAAAA=
241,used,memory_read,cf:AQAAAAAAAEDUxgAAAAAAAAEAAADE+3Y2BAAAAAAAAAA=,cf:AAAACAAAACDYxgAAAAAAAAEAAADE+3Y2AAAAAAAAAAA=
221,used,getattr,cf:AQAAAAAAAEDUxgAAAAAAAAEAAADE+3Y2AgAAAAAAAAA=,cf:AAEAAAAAACBzywAAAAAAAAEAAADE+3Y2AAAAAAAAAAA=
233,used,perm_read,cf:AQAAAAAAAEDUxgAAAAAAAAEAAADE+3Y2AwAAAAAAAAA=,cf:AAEAAAAAACBlywAAAAAAAAEAAADE+3Y2AAAAAAAAAAA=
237,used,memory_read,cf:AQAAAAAAAEDUxgAAAAAAAAEAAADE+3Y2AwAAAAAAAAA=,cf:AAAACAAAACDYxgAAAAAAAAEAAADE+3Y2AAAAAAAAAAA=
244,used,read,cf:AQAAAAAAAEDUxgAAAAAAAAEAAADE+3Y2BAAAAAAAAAA=,cf:AAEAAAAAACBlywAAAAAAAAEAAADE+3Y2AAAAAAAAAAA=
238,wasGeneratedBy,write,cf:AQAAAAAAAEDUxgAAAAAAAAEAAADE+3Y2AwAAAAAAAAA=,cf:AAEAAAAAACAM8gAAAAAAAAEAAADE+3Y2AQAAAAAAAAA=
231,wasGeneratedBy,unlink,cf:AQAAAAAAAEDUxgAAAAAAAAEAAADE+3Y2AgAAAAAAAAA=,cf:AAEAAAAAACAM8gAAAAAAAAEAAADE+3Y2AQAAAAAAAAA=
239,wasInformedBy,version_activity,N/A,N/A
232,wasInformedBy,version_activity,N/A,N/A
230,wasDerivedFrom,version_entity,N/A,N/A
226,wasDerivedFrom,named,N/A,N/A
219,wasDerivedFrom,terminate_proc,N/A,N/A
220,wasDerivedFrom,terminate_proc,N/A,N/A
228,wasDerivedFrom,named,N/A,N/A
