base64_data,cf:id,node_type,prov:type
cf:AAAIAAAAACA68gAAAAAAAAEAAADE+3Y2AAAAAAAAAAA=,62010,Entity,path
cf:AAAIAAAAACAN8gAAAAAAAAEAAADE+3Y2AAAAAAAAAAA=,61965,Entity,path
cf:AAAIAAAAACAZ8gAAAAAAAAEAAADE+3Y2AAAAAAAAAAA=,61977,Entity,path
cf:AAAIAAAAACAO8gAAAAAAAAEAAADE+3Y2AAAAAAAAAAA=,61966,Entity,path
cf:AAAIAAAAACAE8gAAAAAAAAEAAADE+3Y2AAAAAAAAAAA=,61956,Entity,path
cf:AAAIAAAAACAL8gAAAAAAAAEAAADE+3Y2AAAAAAAAAAA=,61963,Entity,path
cf:AAAIAAAAACBC8gAAAAAAAAEAAADE+3Y2AAAAAAAAAAA=,62018,Entity,path
cf:AAAIAAAAACAy8gAAAAAAAAEAAADE+3Y2AAAAAAAAAAA=,62002,Entity,path
cf:AAAIAAAAACBg8gAAAAAAAAEAAADE+3Y2AAAAAAAAAAA=,62048,Entity,path
cf:AAAIAAAAACBA8gAAAAAAAAEAAADE+3Y2AAAAAAAAAAA=,62016,Entity,path
cf:AAAIAAAAACD/8QAAAAAAAAEAAADE+3Y2AAAAAAAAAAA=,61951,Entity,path
cf:AAAIAAAAACD98QAAAAAAAAEAAADE+3Y2AAAAAAAAAAA=,61949,Entity,path
cf:AAAIAAAAACAU8gAAAAAAAAEAAADE+3Y2AAAAAAAAAAA=,61972,Entity,path
cf:AAAIAAAAACAt8gAAAAAAAAEAAADE+3Y2AAAAAAAAAAA=,61997,Entity,path
cf:AAAIAAAAACBF8gAAAAAAAAEAAADE+3Y2AAAAAAAAAAA=,62021,Entity,path
cf:AAAIAAAAACBI8gAAAAAAAAEAAADE+3Y2AAAAAAAAAAA=,62024,Entity,path
cf:AAAIAAAAACAA8gAAAAAAAAEAAADE+3Y2AAAAAAAAAAA=,61952,Entity,path
cf:AAAIAAAAACAX8gAAAAAAAAEAAADE+3Y2AAAAAAAAAAA=,61975,Entity,path
cf:AAAIAAAAACAS8gAAAAAAAAEAAADE+3Y2AAAAAAAAAAA=,61970,Entity,path
cf:AAAIAAAAACA98gAAAAAAAAEAAADE+3Y2AAAAAAAAAAA=,62013,Entity,path
cf:AAAIAAAAACAp8gAAAAAAAAEAAADE+3Y2AAAAAAAAAAA=,61993,Entity,path
cf:AAAIAAAAACAw8gAAAAAAAAEAAADE+3Y2AAAAAAAAAAA=,62000,Entity,path
cf:AAAIAAAAACD68QAAAAAAAAEAAADE+3Y2AAAAAAAAAAA=,61946,Entity,path
cf:AAAIAAAAACD58QAAAAAAAAEAAADE+3Y2AAAAAAAAAAA=,61945,Entity,path
cf:AAAIAAAAACDX8gAAAAAAAAEAAADE+3Y2AAAAAAAAAAA=,62167,Entity,path
cf:AAAIAAAAACBq8gAAAAAAAAEAAADE+3Y2AAAAAAAAAAA=,62058,Entity,path
cf:AAAIAAAAACAw8wAAAAAAAAEAAADE+3Y2AAAAAAAAAAA=,62256,Entity,path
cf:AAAIAAAAACBL8wAAAAAAAAEAAADE+3Y2AAAAAAAAAAA=,62283,Entity,path
cf:AAAIAAAAACDe8gAAAAAAAAEAAADE+3Y2AAAAAAAAAAA=,62174,Entity,path
cf:AAAIAAAAACA88wAAAAAAAAEAAADE+3Y2AAAAAAAAAAA=,62268,Entity,path
cf:AAAIAAAAACBj8gAAAAAAAAEAAADE+3Y2AAAAAAAAAAA=,62051,Entity,path
cf:AAAIAAAAACAq8wAAAAAAAAEAAADE+3Y2AAAAAAAAAAA=,62250,Entity,path
cf:AAAIAAAAACA98wAAAAAAAAEAAADE+3Y2AAAAAAAAAAA=,62269,Entity,path
cf:AAAAAgAAACAl8wAAAAAAAAEAAADE+3Y2AAAAAAAAAAA=,62245,Entity,argv
cf:AAAIAAAAACDc8gAAAAAAAAEAAADE+3Y2AAAAAAAAAAA=,62172,Entity,path
cf:AAAIAAAAACBC8wAAAAAAAAEAAADE+3Y2AAAAAAAAAAA=,62274,Entity,path
cf:AAAIAAAAACDY8gAAAAAAAAEAAADE+3Y2AAAAAAAAAAA=,62168,Entity,path
cf:AAAIAAAAACBP8wAAAAAAAAEAAADE+3Y2AAAAAAAAAAA=,62287,Entity,path
cf:AAAIAAAAACBB8wAAAAAAAAEAAADE+3Y2AAAAAAAAAAA=,62273,Entity,path
cf:AAAIAAAAACA18wAAAAAAAAEAAADE+3Y2AAAAAAAAAAA=,62261,Entity,path
cf:AAAIAAAAACDg8gAAAAAAAAEAAADE+3Y2AAAAAAAAAAA=,62176,Entity,path
cf:AAAIAAAAACDb8gAAAAAAAAEAAADE+3Y2AAAAAAAAAAA=,62171,Entity,path
cf:AAAIAAAAACDi8gAAAAAAAAEAAADE+3Y2AAAAAAAAAAA=,62178,Entity,path
cf:AAAIAAAAACA28wAAAAAAAAEAAADE+3Y2AAAAAAAAAAA=,62262,Entity,path
cf:AAACAAAAACDT8gAAAAAAAAEAAADE+3Y2AAAAAAAAAAA=,62163,Entity,address
cf:AAAIAAAAACAy8wAAAAAAAAEAAADE+3Y2AAAAAAAAAAA=,62258,Entity,path
cf:AAAIAAAAACBK8wAAAAAAAAEAAADE+3Y2AAAAAAAAAAA=,62282,Entity,path
cf:AAAIAAAAACDZ8gAAAAAAAAEAAADE+3Y2AAAAAAAAAAA=,62169,Entity,path
cf:AAAIAAAAACAk8wAAAAAAAAEAAADE+3Y2AAAAAAAAAAA=,62244,Entity,path
cf:AQAAAAAAAEDW8QAAAAAAAAEAAADE+3Y2CAAAAAAAAAA=,61910,Activity,task
cf:AQAAAAAAAEDW8QAAAAAAAAEAAADE+3Y2CwAAAAAAAAA=,61910,Activity,task
cf:AQAAAAAAAEDW8QAAAAAAAAEAAADE+3Y2BAAAAAAAAAA=,61910,Activity,task
cf:AQAAAAAAAEDW8QAAAAAAAAEAAADE+3Y2DQAAAAAAAAA=,61910,Activity,task
cf:AQAAAAAAAEDW8QAAAAAAAAEAAADE+3Y2AgAAAAAAAAA=,61910,Activity,task
cf:AQAAAAAAAEDW8QAAAAAAAAEAAADE+3Y2BgAAAAAAAAA=,61910,Activity,task
cf:AQAAAAAAAEDW8QAAAAAAAAEAAADE+3Y2AQAAAAAAAAA=,61910,Activity,task
cf:AQAAAAAAAEDW8QAAAAAAAAEAAADE+3Y2CQAAAAAAAAA=,61910,Activity,task
cf:AQAAAAAAAEDW8QAAAAAAAAEAAADE+3Y2CgAAAAAAAAA=,61910,Activity,task
cf:AQAAAAAAAEDW8QAAAAAAAAEAAADE+3Y2BQAAAAAAAAA=,61910,Activity,task
cf:AQAAAAAAAEDW8QAAAAAAAAEAAADE+3Y2DAAAAAAAAAA=,61910,Activity,task
cf:AQAAAAAAAEDW8QAAAAAAAAEAAADE+3Y2AwAAAAAAAAA=,61910,Activity,task
cf:AQAAAAAAAEDW8QAAAAAAAAEAAADE+3Y2BwAAAAAAAAA=,61910,Activity,task
cf:AQAAAAAAAEDW8QAAAAAAAAEAAADE+3Y2AAAAAAAAAAA=,61910,Activity,task
cf:AAAACAAAACDx8QAAAAAAAAEAAADE+3Y2AAAAAAAAAAA=,61937,Entity,process_memory
cf:AAAIAAAAACBa8wAAAAAAAAEAAADE+3Y2AAAAAAAAAAA=,62298,Entity,path
cf:AAEAAAAAACCDWQAAAAAAAAAAAADE+3Y2AAAAAAAAAAA=,22915,Entity,file
cf:AAAACAAAACDz8QAAAAAAAAEAAADE+3Y2AAAAAAAAAAA=,61939,Entity,process_memory
cf:AAEAAAAAACAA8QAAAAAAAAEAAADE+3Y2AAAAAAAAAAA=,61696,Entity,file
cf:AAAACAAAACDV8QAAAAAAAAEAAADE+3Y2AQAAAAAAAAA=,61909,Entity,process_memory
cf:AAAIAAAAACBf8wAAAAAAAAEAAADE+3Y2AAAAAAAAAAA=,62303,Entity,path
cf:AAEAAAAAACDt8QAAAAAAAAEAAADE+3Y2AAAAAAAAAAA=,61933,Entity,file
cf:AAAACAAAACD18QAAAAAAAAEAAADE+3Y2AAAAAAAAAAA=,61941,Entity,process_memory
cf:AAAIAAAAACBe8wAAAAAAAAEAAADE+3Y2AAAAAAAAAAA=,62302,Entity,path
cf:AAAIAAAAACBQ8wAAAAAAAAEAAADE+3Y2AAAAAAAAAAA=,62288,Entity,path
cf:AAAIAAAAACBZ8wAAAAAAAAEAAADE+3Y2AAAAAAAAAAA=,62297,Entity,path
cf:AAAACAAAACDV8QAAAAAAAAEAAADE+3Y2AAAAAAAAAAA=,61909,Entity,process_memory
cf:AAAIAAAAACBV8wAAAAAAAAEAAADE+3Y2AAAAAAAAAAA=,62293,Entity,path
cf:AAAACAAAACDv8QAAAAAAAAEAAADE+3Y2AAAAAAAAAAA=,61935,Entity,process_memory
cf:AAAACAAAACDV8QAAAAAAAAEAAADE+3Y2AwAAAAAAAAA=,61909,Entity,process_memory
cf:AAAIAAAAACBU8wAAAAAAAAEAAADE+3Y2AAAAAAAAAAA=,62292,Entity,path
cf:AAAACAAAACDV8QAAAAAAAAEAAADE+3Y2AgAAAAAAAAA=,61909,Entity,process_memory
cf:AQAAAAAAAED48QAAAAAAAAEAAADE+3Y2AAAAAAAAAAA=,61944,Activity,task
cf:AQAAAAAAAEDUxgAAAAAAAAEAAADE+3Y2AQAAAAAAAAA=,50900,Activity,task
cf:AQAAAAAAAEDUxgAAAAAAAAEAAADE+3Y2AgAAAAAAAAA=,50900,Activity,task
cf:AQAAAAAAAEDi8QAAAAAAAAEAAADE+3Y2AQAAAAAAAAA=,61922,Activity,task
cf:AQAAAAAAAED48QAAAAAAAAEAAADE+3Y2AQAAAAAAAAA=,61944,Activity,task
cf:AQAAAAAAAEDUxgAAAAAAAAEAAADE+3Y2AAAAAAAAAAA=,50900,Activity,task
cf:AQAAAAAAAED48QAAAAAAAAEAAADE+3Y2AgAAAAAAAAA=,61944,Activity,task
cf:AQAAAAAAAEAL4gAAAAAAAAEAAADE+3Y2AAAAAAAAAAA=,57867,Activity,task
cf:AQAAAAAAAEDi8QAAAAAAAAEAAADE+3Y2AAAAAAAAAAA=,61922,Activity,task
cf:AAAACAAAACCX1wAAAAAAAAEAAADE+3Y2AAAAAAAAAAA=,55191,Entity,process_memory
cf:AAAACAAAACD78QAAAAAAAAEAAADE+3Y2AAAAAAAAAAA=,61947,Entity,process_memory
cf:AAEAAAAAACDK7QAAAAAAAAEAAADE+3Y2AAAAAAAAAAA=,60874,Entity,file
cf:AAAACAAAACDv8QAAAAAAAAEAAADE+3Y2AQAAAAAAAAA=,61935,Entity,process_memory
cf:ACAAAAAAACDN7wAAAAAAAAEAAADE+3Y2AAAAAAAAAAA=,61389,Entity,socket
cf:AAAACAAAACCX1wAAAAAAAAEAAADE+3Y2AQAAAAAAAAA=,55191,Entity,process_memory
cf:AAAACAAAACDz8QAAAAAAAAEAAADE+3Y2AQAAAAAAAAA=,61939,Entity,process_memory
cf:AAAACAAAACD18QAAAAAAAAEAAADE+3Y2AQAAAAAAAAA=,61941,Entity,process_memory
cf:AAEAAAAAACBjywAAAAAAAAEAAADE+3Y2AAAAAAAAAAA=,52067,Entity,file
cf:AAAACAAAACDx8QAAAAAAAAEAAADE+3Y2AQAAAAAAAAA=,61937,Entity,process_memory
cf:AAEAAAAAACAK7AAAAAAAAAEAAADE+3Y2AAAAAAAAAAA=,60426,Entity,file
cf:ACAAAAAAACDM7wAAAAAAAAEAAADE+3Y2AAAAAAAAAAA=,61388,Entity,socket
cf:AAAACAAAACD38QAAAAAAAAEAAADE+3Y2AQAAAAAAAAA=,61943,Entity,process_memory
cf:AAAACAAAACDYxgAAAAAAAAEAAADE+3Y2AAAAAAAAAAA=,50904,Entity,process_memory
cf:AAAACAAAACD38QAAAAAAAAEAAADE+3Y2AAAAAAAAAAA=,61943,Entity,process_memory
cf:AAAIAAAAACDs8QAAAAAAAAEAAADE+3Y2AAAAAAAAAAA=,61932,Entity,path
cf:AAAACAAAACDl8QAAAAAAAAEAAADE+3Y2AAAAAAAAAAA=,61925,Entity,process_memory
cf:AAAIAAAAACAP8gAAAAAAAAEAAADE+3Y2AAAAAAAAAAA=,61967,Entity,path
cf:AAAIAAAAACAI8gAAAAAAAAEAAADE+3Y2AAAAAAAAAAA=,61960,Entity,path
cf:AAAIAAAAACD88QAAAAAAAAEAAADE+3Y2AAAAAAAAAAA=,61948,Entity,path
cf:AAAIAAAAACAG8gAAAAAAAAEAAADE+3Y2AAAAAAAAAAA=,61958,Entity,path
cf:AAAIAAAAACAb8gAAAAAAAAEAAADE+3Y2AAAAAAAAAAA=,61979,Entity,path
cf:AAAACAAAACDl8QAAAAAAAAEAAADE+3Y2AQAAAAAAAAA=,61925,Entity,process_memory
cf:AAAIAAAAACD+8QAAAAAAAAEAAADE+3Y2AAAAAAAAAAA=,61950,Entity,path
cf:AAAIAAAAACDw8QAAAAAAAAEAAADE+3Y2AAAAAAAAAAA=,61936,Entity,path
cf:AAAIAAAAACDy8QAAAAAAAAEAAADE+3Y2AAAAAAAAAAA=,61938,Entity,path
cf:AAEAAAAAACBzywAAAAAAAAEAAADE+3Y2AAAAAAAAAAA=,52083,Entity,file
cf:AAAIAAAAACAa8gAAAAAAAAEAAADE+3Y2AAAAAAAAAAA=,61978,Entity,path
cf:AAAIAAAAACAB8gAAAAAAAAEAAADE+3Y2AAAAAAAAAAA=,61953,Entity,path
cf:AAAIAAAAACD28QAAAAAAAAEAAADE+3Y2AAAAAAAAAAA=,61942,Entity,path
cf:AAAIAAAAACAc8gAAAAAAAAEAAADE+3Y2AAAAAAAAAAA=,61980,Entity,path
cf:AAAIAAAAACAJ8gAAAAAAAAEAAADE+3Y2AAAAAAAAAAA=,61961,Entity,path
cf:AAAIAAAAACDu8QAAAAAAAAEAAADE+3Y2AAAAAAAAAAA=,61934,Entity,path
cf:AAAIAAAAACAd8gAAAAAAAAEAAADE+3Y2AAAAAAAAAAA=,61981,Entity,path
cf:AAAIAAAAACAK8gAAAAAAAAEAAADE+3Y2AAAAAAAAAAA=,61962,Entity,path
cf:AAAIAAAAACAH8gAAAAAAAAEAAADE+3Y2AAAAAAAAAAA=,61959,Entity,path
cf:AAAIAAAAACAF8gAAAAAAAAEAAADE+3Y2AAAAAAAAAAA=,61957,Entity,path
cf:AAAIAAAAACAC8gAAAAAAAAEAAADE+3Y2AAAAAAAAAAA=,61954,Entity,path
cf:AAAIAAAAACD08QAAAAAAAAEAAADE+3Y2AAAAAAAAAAA=,61940,Entity,path
cf:AAAIAAAAACAe8gAAAAAAAAEAAADE+3Y2AAAAAAAAAAA=,61982,Entity,path
cf:AAAIAAAAACAg8gAAAAAAAAEAAADE+3Y2AAAAAAAAAAA=,61984,Entity,path
cf:AAAIAAAAACAr8gAAAAAAAAEAAADE+3Y2AAAAAAAAAAA=,61995,Entity,path
cf:AAAACAAAACDo8QAAAAAAAAEAAADE+3Y2AAAAAAAAAAA=,61928,Entity,process_memory
cf:AAAIAAAAACAu8gAAAAAAAAEAAADE+3Y2AAAAAAAAAAA=,61998,Entity,path
cf:AAAACAAAACDn8QAAAAAAAAEAAADE+3Y2AAAAAAAAAAA=,61927,Entity,process_memory
cf:AAAIAAAAACAj8gAAAAAAAAEAAADE+3Y2AAAAAAAAAAA=,61987,Entity,path
cf:AAAIAAAAACAx8gAAAAAAAAEAAADE+3Y2AAAAAAAAAAA=,62001,Entity,path
cf:AAAIAAAAACAv8gAAAAAAAAEAAADE+3Y2AAAAAAAAAAA=,61999,Entity,path
cf:AAAIAAAAACAs8gAAAAAAAAEAAADE+3Y2AAAAAAAAAAA=,61996,Entity,path
cf:AAAIAAAAACAk8gAAAAAAAAEAAADE+3Y2AAAAAAAAAAA=,61988,Entity,path
cf:AAAIAAAAACAh8gAAAAAAAAEAAADE+3Y2AAAAAAAAAAA=,61985,Entity,path
cf:AAAIAAAAACAm8gAAAAAAAAEAAADE+3Y2AAAAAAAAAAA=,61990,Entity,path
cf:AAAIAAAAACAf8gAAAAAAAAEAAADE+3Y2AAAAAAAAAAA=,61983,Entity,path
cf:AAAACAAAACDn8QAAAAAAAAEAAADE+3Y2AQAAAAAAAAA=,61927,Entity,process_memory
cf:AAAACAAAACDm8QAAAAAAAAEAAADE+3Y2AQAAAAAAAAA=,61926,Entity,process_memory
cf:AAAIAAAAACAn8gAAAAAAAAEAAADE+3Y2AAAAAAAAAAA=,61991,Entity,path
cf:AAAIAAAAACAq8gAAAAAAAAEAAADE+3Y2AAAAAAAAAAA=,61994,Entity,path
cf:AAAIAAAAACAz8gAAAAAAAAEAAADE+3Y2AAAAAAAAAAA=,62003,Entity,path
cf:AAAIAAAAACAi8gAAAAAAAAEAAADE+3Y2AAAAAAAAAAA=,61986,Entity,path
cf:AAAACAAAACDm8QAAAAAAAAEAAADE+3Y2AAAAAAAAAAA=,61926,Entity,process_memory
cf:AAAIAAAAACAo8gAAAAAAAAEAAADE+3Y2AAAAAAAAAAA=,61992,Entity,path
cf:AAAIAAAAACAl8gAAAAAAAAEAAADE+3Y2AAAAAAAAAAA=,61989,Entity,path
cf:AQAAAAAAAEAL4gAAAAAAAAEAAADE+3Y2AQAAAAAAAAA=,57867,Activity,task
cf:AQAAAAAAAEBcjgAAAAAAAAAAAADE+3Y2AQAAAAAAAAA=,36444,Activity,task
cf:AQAAAAAAAEBcjgAAAAAAAAAAAADE+3Y2AAAAAAAAAAA=,36444,Activity,task
cf:AAAACAAAACAeUAAAAAAAAAAAAADE+3Y2AAAAAAAAAAA=,20510,Entity,process_memory
cf:AAAACAAAACDr8QAAAAAAAAEAAADE+3Y2AQAAAAAAAAA=,61931,Entity,process_memory
cf:AAEAAAAAACD7XAAAAAAAAAAAAADE+3Y2AAAAAAAAAAA=,23803,Entity,file
cf:AAAACAAAACDp8QAAAAAAAAEAAADE+3Y2AQAAAAAAAAA=,61929,Entity,process_memory
cf:AAAACAAAACDo8QAAAAAAAAEAAADE+3Y2AQAAAAAAAAA=,61928,Entity,process_memory
cf:AAAACAAAACCX1wAAAAAAAAEAAADE+3Y2AwAAAAAAAAA=,55191,Entity,process_memory
cf:AAAACAAAACDq8QAAAAAAAAEAAADE+3Y2AQAAAAAAAAA=,61930,Entity,process_memory
cf:AAAACAAAACDr8QAAAAAAAAEAAADE+3Y2AAAAAAAAAAA=,61931,Entity,process_memory
cf:AAACAAAAACA18gAAAAAAAAEAAADE+3Y2AAAAAAAAAAA=,62005,Entity,address
cf:ACAAAAAAACDN7wAAAAAAAAEAAADE+3Y2AQAAAAAAAAA=,61389,Entity,socket
cf:AAAACAAAACDp8QAAAAAAAAEAAADE+3Y2AAAAAAAAAAA=,61929,Entity,process_memory
cf:AAEAAAAAACBnWQAAAAAAAAAAAADE+3Y2AAAAAAAAAAA=,22887,Entity,file
cf:AAAACAAAACCX1wAAAAAAAAEAAADE+3Y2AgAAAAAAAAA=,55191,Entity,process_memory
cf:AAAACAAAACDq8QAAAAAAAAEAAADE+3Y2AAAAAAAAAAA=,61930,Entity,process_memory
cf:AAAACAAAACDDkwAAAAAAAAAAAADE+3Y2AAAAAAAAAAA=,37827,Entity,process_memory
cf:AQAAAAAAAEBqTwAAAAAAAAAAAADE+3Y2AAAAAAAAAAA=,20330,Activity,task
cf:AQAAAAAAAEBcjgAAAAAAAAAAAADE+3Y2AgAAAAAAAAA=,36444,Activity,task
cf:AQAAAAAAAEAJAAAAAAAAAAAAAADE+3Y2AAAAAAAAAAA=,9,Activity,task
cf:AQAAAAAAAEBqTwAAAAAAAAAAAADE+3Y2AwAAAAAAAAA=,20330,Activity,task
cf:AQAAAAAAAEBqTwAAAAAAAAAAAADE+3Y2AQAAAAAAAAA=,20330,Activity,task
cf:AQAAAAAAAEAJAAAAAAAAAAAAAADE+3Y2AQAAAAAAAAA=,9,Activity,task
cf:AQAAAAAAAEBqTwAAAAAAAAAAAADE+3Y2AgAAAAAAAAA=,20330,Activity,task
cf:ACAAAAAAACDKkwAAAAAAAAAAAADE+3Y2AAAAAAAAAAA=,37834,Entity,socket
cf:AAEAAAAAACDRmQAAAAAAAAAAAADE+3Y2AAAAAAAAAAA=,39377,Entity,file
cf:ACAAAAAAACDM7wAAAAAAAAEAAADE+3Y2AQAAAAAAAAA=,61388,Entity,socket
cf:gAAAAAAAACDSmQAAAAAAAAAAAADE+3Y2AAAAAAAAAAA=,39378,Entity,link
cf:AAAACAAAACCmRgAAAAAAAAAAAADE+3Y2AAAAAAAAAAA=,18086,Entity,process_memory
cf:AAEAAAAAACBnWQAAAAAAAAAAAADE+3Y2AQAAAAAAAAA=,22887,Entity,file
cf:AAEAAAAAACD4UgAAAAAAAAAAAADE+3Y2AQAAAAAAAAA=,21240,Entity,file
cf:ACAAAAAAACDQmQAAAAAAAAAAAADE+3Y2AAAAAAAAAAA=,39376,Entity,socket
cf:AAAACAAAACAeUAAAAAAAAAAAAADE+3Y2AQAAAAAAAAA=,20510,Entity,process_memory
cf:AAAACAAAACDh8QAAAAAAAAEAAADE+3Y2AAAAAAAAAAA=,61921,Entity,process_memory
cf:AAAACAAAACAeUAAAAAAAAAAAAADE+3Y2AgAAAAAAAAA=,20510,Entity,process_memory
cf:ACAAAAAAACB0jgAAAAAAAAAAAADE+3Y2AAAAAAAAAAA=,36468,Entity,socket
cf:AAEAAAAAACD7XAAAAAAAAAAAAADE+3Y2AQAAAAAAAAA=,23803,Entity,file
cf:ACAAAAAAACDaTgAAAAAAAAAAAADE+3Y2AAAAAAAAAAA=,20186,Entity,socket
cf:AAEAAAAAACCikwAAAAAAAAAAAADE+3Y2AAAAAAAAAAA=,37794,Entity,file
cf:AAEAAAAAACAD8gAAAAAAAAEAAADE+3Y2AQAAAAAAAAA=,61955,Entity,file
cf:AAEAAAAAACAD8gAAAAAAAAEAAADE+3Y2AAAAAAAAAAA=,61955,Entity,file
cf:AAEAAAAAACD4UgAAAAAAAAAAAADE+3Y2AAAAAAAAAAA=,21240,Entity,file
cf:AQAAAAAAAEDUxgAAAAAAAAEAAADE+3Y2AwAAAAAAAAA=,50900,Activity,task
cf:AQAAAAAAAEDUxgAAAAAAAAEAAADE+3Y2BAAAAAAAAAA=,50900,Activity,task
cf:AAAACAAAACDh8QAAAAAAAAEAAADE+3Y2AQAAAAAAAAA=,61921,Entity,process_memory
cf:AAEAAAAAACAM8gAAAAAAAAEAAADE+3Y2AAAAAAAAAAA=,61964,Entity,file
cf:AAAACAAAACDj8QAAAAAAAAEAAADE+3Y2AAAAAAAAAAA=,61923,Entity,process_memory
cf:AAEAAAAAACAM8gAAAAAAAAEAAADE+3Y2AQAAAAAAAAA=,61964,Entity,file
cf:AAAACAAAACDj8QAAAAAAAAEAAADE+3Y2AQAAAAAAAAA=,61923,Entity,process_memory
cf:AAEAAAAAACBlywAAAAAAAAEAAADE+3Y2AAAAAAAAAAA=,52069,Entity,file
