uid,cf:id,node_type,prov:type,cf:pathname,prov:label,cf:machine_id,cf:version,cf:boot_id,cf:date,cf:epoch,cf:jiffies,cf:uid,cf:gid,cf:pid,cf:vpid,cf:XXXns,cf:secctx,cf:mode,cf:ino,cf:uuid,cf:length,cf:valid,cf:atime,cf:ctime,cf:mtime,cf:truncated,cf:content,cf:seq,cf:sender,cf:receiver,cf:address,cf:value
cf:AAAIAAAAACA68gAAAAAAAAEAAADE+3Y2AAAAAAAAAAA=,62010,Entity,path,/systemd/resolve/.#resolv.conf7nsAid,[path] /systemd/resolve/.#resolv.conf7nsAid,cf:913767364,0,1,2019:03:22T13:17:39,0,4294724296,N/A,N/A,N/A,N/A,N/A,N/A,N/A,N/A,N/A,N/A,N/A,N/A,N/A,N/A,N/A,N/A,N/A,N/A,N/A,N/A,N/A
cf:AAAIAAAAACAN8gAAAAAAAAEAAADE+3Y2AAAAAAAAAAA=,61965,Entity,path,/tmp/fileutl.message.KSRvFQ,[path] /tmp/fileutl.message.KSRvFQ,cf:913767364,0,1,2019:03:22T13:17:39,0,4294724285,N/A,N/A,N/A,N/A,N/A,N/A,N/A,N/A,N/A,N/A,N/A,N/A,N/A,N/A,N/A,N/A,N/A,N/A,N/A,N/A,N/A
cf:AAAIAAAAACAZ8gAAAAAAAAEAAADE+3Y2AAAAAAAAAAA=,61977,Entity,path,/usr/bin/whoopsie,[path] /usr/bin/whoopsie,cf:913767364,0,1,2019:03:22T13:17:39,0,4294724290,N/A,N/A,N/A,N/A,N/A,N/A,N/A,N/A,N/A,N/A,N/A,N/A,N/A,N/A,N/A,N/A,N/A,N/A,N/A,N/A,N/A
cf:AAAIAAAAACAO8gAAAAAAAAEAAADE+3Y2AAAAAAAAAAA=,61966,Entity,path,/var/lib/apt/lists/security.ubuntu.com_ubuntu_dists_bionic-security_main_binary-amd64_Packages,[path] /var/lib/apt/lists/security.ubuntu.com_ubuntu_dists_bionic-security_main_binary-amd64_Packages,cf:913767364,0,1,2019:03:22T13:17:39,0,4294724285,N/A,N/A,N/A,N/A,N/A,N/A,N/A,N/A,N/A,N/A,N/A,N/A,N/A,N/A,N/A,N/A,N/A,N/A,N/A,N/A,N/A
cf:AAAIAAAAACAE8gAAAAAAAAEAAADE+3Y2AAAAAAAAAAA=,61956,Entity,path,/lib/systemd/system/upower.service,[path] /lib/systemd/system/upower.service,cf:913767364,0,1,2019:03:22T13:17:39,0,4294724271,N/A,N/A,N/A,N/A,N/A,N/A,N/A,N/A,N/A,N/A,N/A,N/A,N/A,N/A,N/A,N/A,N/A,N/A,N/A,N/A,N/A
cf:AAAIAAAAACAL8gAAAAAAAAEAAADE+3Y2AAAAAAAAAAA=,61963,Entity,path,/var/lib/apt/lists/security.ubuntu.com_ubuntu_dists_bionic-security_InRelease,[path] /var/lib/apt/lists/security.ubuntu.com_ubuntu_dists_bionic-security_InRelease,cf:913767364,0,1,2019:03:22T13:17:39,0,4294724285,N/A,N/A,N/A,N/A,N/A,N/A,N/A,N/A,N/A,N/A,N/A,N/A,N/A,N/A,N/A,N/A,N/A,N/A,N/A,N/A,N/A
cf:AAAIAAAAACBC8gAAAAAAAAEAAADE+3Y2AAAAAAAAAAA=,62018,Entity,path,/systemd/netif/.#stateZxLpb6,[path] /systemd/netif/.#stateZxLpb6,cf:913767364,0,1,2019:03:22T13:17:39,0,4294724296,N/A,N/A,N/A,N/A,N/A,N/A,N/A,N/A,N/A,N/A,N/A,N/A,N/A,N/A,N/A,N/A,N/A,N/A,N/A,N/A,N/A
cf:AAAIAAAAACAy8gAAAAAAAAEAAADE+3Y2AAAAAAAAAAA=,62002,Entity,path,/systemd/netif/links/2,[path] /systemd/netif/links/2,cf:913767364,0,1,2019:03:22T13:17:39,0,4294724296,N/A,N/A,N/A,N/A,N/A,N/A,N/A,N/A,N/A,N/A,N/A,N/A,N/A,N/A,N/A,N/A,N/A,N/A,N/A,N/A,N/A
cf:AAAIAAAAACBg8gAAAAAAAAEAAADE+3Y2AAAAAAAAAAA=,62048,Entity,path,/systemd/resolve/.#resolv.confq38nFr,[path] /systemd/resolve/.#resolv.confq38nFr,cf:913767364,0,1,2019:03:22T13:17:39,0,4294724308,N/A,N/A,N/A,N/A,N/A,N/A,N/A,N/A,N/A,N/A,N/A,N/A,N/A,N/A,N/A,N/A,N/A,N/A,N/A,N/A,N/A
cf:AAAIAAAAACBA8gAAAAAAAAEAAADE+3Y2AAAAAAAAAAA=,62016,Entity,path,/usr/bin/python3.6,[path] /usr/bin/python3.6,cf:913767364,0,1,2019:03:22T13:17:39,0,4294724296,N/A,N/A,N/A,N/A,N/A,N/A,N/A,N/A,N/A,N/A,N/A,N/A,N/A,N/A,N/A,N/A,N/A,N/A,N/A,N/A,N/A
cf:AAAIAAAAACD/8QAAAAAAAAEAAADE+3Y2AAAAAAAAAAA=,61951,Entity,path,/usr/bin/dbus-daemon,[path] /usr/bin/dbus-daemon,cf:913767364,0,1,2019:03:22T13:17:39,0,4294724270,N/A,N/A,N/A,N/A,N/A,N/A,N/A,N/A,N/A,N/A,N/A,N/A,N/A,N/A,N/A,N/A,N/A,N/A,N/A,N/A,N/A
cf:AAAIAAAAACD98QAAAAAAAAEAAADE+3Y2AAAAAAAAAAA=,61949,Entity,path,/var/lib/apt/lists/us.archive.ubuntu.com_ubuntu_dists_bionic-backports_universe_i18n_Translation-en,[path] /var/lib/apt/lists/us.archive.ubuntu.com_ubuntu_dists_bionic-backports_universe_i18n_Translation-en,cf:913767364,0,1,2019:03:22T13:17:39,0,4294724257,N/A,N/A,N/A,N/A,N/A,N/A,N/A,N/A,N/A,N/A,N/A,N/A,N/A,N/A,N/A,N/A,N/A,N/A,N/A,N/A,N/A
cf:AAAIAAAAACAU8gAAAAAAAAEAAADE+3Y2AAAAAAAAAAA=,61972,Entity,path,/systemd/netif/.#statefzSZQR,[path] /systemd/netif/.#statefzSZQR,cf:913767364,0,1,2019:03:22T13:17:39,0,4294724290,N/A,N/A,N/A,N/A,N/A,N/A,N/A,N/A,N/A,N/A,N/A,N/A,N/A,N/A,N/A,N/A,N/A,N/A,N/A,N/A,N/A
cf:AAAIAAAAACAt8gAAAAAAAAEAAADE+3Y2AAAAAAAAAAA=,61997,Entity,path,/lib/systemd/systemd-resolved,[path] /lib/systemd/systemd-resolved,cf:913767364,0,1,2019:03:22T13:17:39,0,4294724290,N/A,N/A,N/A,N/A,N/A,N/A,N/A,N/A,N/A,N/A,N/A,N/A,N/A,N/A,N/A,N/A,N/A,N/A,N/A,N/A,N/A
cf:AAAIAAAAACBF8gAAAAAAAAEAAADE+3Y2AAAAAAAAAAA=,62021,Entity,path,/systemd/netif/links/.#41FaJmI,[path] /systemd/netif/links/.#41FaJmI,cf:913767364,0,1,2019:03:22T13:17:39,0,4294724296,N/A,N/A,N/A,N/A,N/A,N/A,N/A,N/A,N/A,N/A,N/A,N/A,N/A,N/A,N/A,N/A,N/A,N/A,N/A,N/A,N/A
cf:AAAIAAAAACBI8gAAAAAAAAEAAADE+3Y2AAAAAAAAAAA=,62024,Entity,path,/lib/systemd/systemd-networkd,[path] /lib/systemd/systemd-networkd,cf:913767364,0,1,2019:03:22T13:17:39,0,4294724296,N/A,N/A,N/A,N/A,N/A,N/A,N/A,N/A,N/A,N/A,N/A,N/A,N/A,N/A,N/A,N/A,N/A,N/A,N/A,N/A,N/A
cf:AAAIAAAAACAA8gAAAAAAAAEAAADE+3Y2AAAAAAAAAAA=,61952,Entity,path,/lib/systemd/systemd,[path] /lib/systemd/systemd,cf:913767364,0,1,2019:03:22T13:17:39,0,4294724271,N/A,N/A,N/A,N/A,N/A,N/A,N/A,N/A,N/A,N/A,N/A,N/A,N/A,N/A,N/A,N/A,N/A,N/A,N/A,N/A,N/A
cf:AAAIAAAAACAX8gAAAAAAAAEAAADE+3Y2AAAAAAAAAAA=,61975,Entity,path,/systemd/netif/links/.#4lhQ8Zt,[path] /systemd/netif/links/.#4lhQ8Zt,cf:913767364,0,1,2019:03:22T13:17:39,0,4294724290,N/A,N/A,N/A,N/A,N/A,N/A,N/A,N/A,N/A,N/A,N/A,N/A,N/A,N/A,N/A,N/A,N/A,N/A,N/A,N/A,N/A
cf:AAAIAAAAACAS8gAAAAAAAAEAAADE+3Y2AAAAAAAAAAA=,61970,Entity,path,/lib/systemd/systemd-networkd,[path] /lib/systemd/systemd-networkd,cf:913767364,0,1,2019:03:22T13:17:39,0,4294724290,N/A,N/A,N/A,N/A,N/A,N/A,N/A,N/A,N/A,N/A,N/A,N/A,N/A,N/A,N/A,N/A,N/A,N/A,N/A,N/A,N/A
cf:AAAIAAAAACA98gAAAAAAAAEAAADE+3Y2AAAAAAAAAAA=,62013,Entity,path,/systemd/resolve/.#stub-resolv.confoOObtP,[path] /systemd/resolve/.#stub-resolv.confoOObtP,cf:913767364,0,1,2019:03:22T13:17:39,0,4294724296,N/A,N/A,N/A,N/A,N/A,N/A,N/A,N/A,N/A,N/A,N/A,N/A,N/A,N/A,N/A,N/A,N/A,N/A,N/A,N/A,N/A
cf:AAAIAAAAACAp8gAAAAAAAAEAAADE+3Y2AAAAAAAAAAA=,61993,Entity,path,/usr/sbin/avahi-daemon,[path] /usr/sbin/avahi-daemon,cf:913767364,0,1,2019:03:22T13:17:39,0,4294724290,N/A,N/A,N/A,N/A,N/A,N/A,N/A,N/A,N/A,N/A,N/A,N/A,N/A,N/A,N/A,N/A,N/A,N/A,N/A,N/A,N/A
cf:AAAIAAAAACAw8gAAAAAAAAEAAADE+3Y2AAAAAAAAAAA=,62000,Entity,path,/systemd/netif/links/1,[path] /systemd/netif/links/1,cf:913767364,0,1,2019:03:22T13:17:39,0,4294724296,N/A,N/A,N/A,N/A,N/A,N/A,N/A,N/A,N/A,N/A,N/A,N/A,N/A,N/A,N/A,N/A,N/A,N/A,N/A,N/A,N/A
cf:AAAIAAAAACD68QAAAAAAAAEAAADE+3Y2AAAAAAAAAAA=,61946,Entity,path,/var/lib/apt/lists/us.archive.ubuntu.com_ubuntu_dists_bionic-backports_universe_binary-i386_Packages,[path] /var/lib/apt/lists/us.archive.ubuntu.com_ubuntu_dists_bionic-backports_universe_binary-i386_Packages,cf:913767364,0,1,2019:03:22T13:17:39,0,4294724257,N/A,N/A,N/A,N/A,N/A,N/A,N/A,N/A,N/A,N/A,N/A,N/A,N/A,N/A,N/A,N/A,N/A,N/A,N/A,N/A,N/A
cf:AAAIAAAAACD58QAAAAAAAAEAAADE+3Y2AAAAAAAAAAA=,61945,Entity,path,/usr/bin/python3.6,[path] /usr/bin/python3.6,cf:913767364,0,1,2019:03:22T13:17:39,0,4294724257,N/A,N/A,N/A,N/A,N/A,N/A,N/A,N/A,N/A,N/A,N/A,N/A,N/A,N/A,N/A,N/A,N/A,N/A,N/A,N/A,N/A
cf:AAAIAAAAACDX8gAAAAAAAAEAAADE+3Y2AAAAAAAAAAA=,62167,Entity,path,/cpu,[path] /cpu,cf:913767364,0,1,2019:03:22T13:17:40,0,4294724310,N/A,N/A,N/A,N/A,N/A,N/A,N/A,N/A,N/A,N/A,N/A,N/A,N/A,N/A,N/A,N/A,N/A,N/A,N/A,N/A,N/A
cf:AAAIAAAAACBq8gAAAAAAAAEAAADE+3Y2AAAAAAAAAAA=,62058,Entity,path,/lib/systemd/systemd,[path] /lib/systemd/systemd,cf:913767364,0,1,2019:03:22T13:17:40,0,4294724308,N/A,N/A,N/A,N/A,N/A,N/A,N/A,N/A,N/A,N/A,N/A,N/A,N/A,N/A,N/A,N/A,N/A,N/A,N/A,N/A,N/A
cf:AAAIAAAAACAw8wAAAAAAAAEAAADE+3Y2AAAAAAAAAAA=,62256,Entity,path,/usr/lib/upower/upowerd,[path] /usr/lib/upower/upowerd,cf:913767364,0,1,2019:03:22T13:17:40,0,4294724542,N/A,N/A,N/A,N/A,N/A,N/A,N/A,N/A,N/A,N/A,N/A,N/A,N/A,N/A,N/A,N/A,N/A,N/A,N/A,N/A,N/A
cf:AAAIAAAAACBL8wAAAAAAAAEAAADE+3Y2AAAAAAAAAAA=,62283,Entity,path,/usr/lib/x86_64-linux-gnu/libgudev-1.0.so.0.2.0,[path] /usr/lib/x86_64-linux-gnu/libgudev-1.0.so.0.2.0,cf:913767364,0,1,2019:03:22T13:17:40,0,4294724646,N/A,N/A,N/A,N/A,N/A,N/A,N/A,N/A,N/A,N/A,N/A,N/A,N/A,N/A,N/A,N/A,N/A,N/A,N/A,N/A,N/A
cf:AAAIAAAAACDe8gAAAAAAAAEAAADE+3Y2AAAAAAAAAAA=,62174,Entity,path,/system.slice/upower.service/cgroup.procs,[path] /system.slice/upower.service/cgroup.procs,cf:913767364,0,1,2019:03:22T13:17:40,0,4294724311,N/A,N/A,N/A,N/A,N/A,N/A,N/A,N/A,N/A,N/A,N/A,N/A,N/A,N/A,N/A,N/A,N/A,N/A,N/A,N/A,N/A
cf:AAAIAAAAACA88wAAAAAAAAEAAADE+3Y2AAAAAAAAAAA=,62268,Entity,path,/usr/lib/upower/upowerd,[path] /usr/lib/upower/upowerd,cf:913767364,0,1,2019:03:22T13:17:40,0,4294724556,N/A,N/A,N/A,N/A,N/A,N/A,N/A,N/A,N/A,N/A,N/A,N/A,N/A,N/A,N/A,N/A,N/A,N/A,N/A,N/A,N/A
cf:AAAIAAAAACBj8gAAAAAAAAEAAADE+3Y2AAAAAAAAAAA=,62051,Entity,path,/systemd/resolve/.#stub-resolv.confFTnBR3,[path] /systemd/resolve/.#stub-resolv.confFTnBR3,cf:913767364,0,1,2019:03:22T13:17:39,0,4294724308,N/A,N/A,N/A,N/A,N/A,N/A,N/A,N/A,N/A,N/A,N/A,N/A,N/A,N/A,N/A,N/A,N/A,N/A,N/A,N/A,N/A
cf:AAAIAAAAACAq8wAAAAAAAAEAAADE+3Y2AAAAAAAAAAA=,62250,Entity,path,/usr/lib/upower/upowerd,[path] /usr/lib/upower/upowerd,cf:913767364,0,1,2019:03:22T13:17:40,0,4294724537,N/A,N/A,N/A,N/A,N/A,N/A,N/A,N/A,N/A,N/A,N/A,N/A,N/A,N/A,N/A,N/A,N/A,N/A,N/A,N/A,N/A
cf:AAAIAAAAACA98wAAAAAAAAEAAADE+3Y2AAAAAAAAAAA=,62269,Entity,path,/usr/lib/x86_64-linux-gnu/libgio-2.0.so.0.5600.2,[path] /usr/lib/x86_64-linux-gnu/libgio-2.0.so.0.5600.2,cf:913767364,0,1,2019:03:22T13:17:40,0,4294724556,N/A,N/A,N/A,N/A,N/A,N/A,N/A,N/A,N/A,N/A,N/A,N/A,N/A,N/A,N/A,N/A,N/A,N/A,N/A,N/A,N/A
cf:AAAAAgAAACAl8wAAAAAAAAEAAADE+3Y2AAAAAAAAAAA=,62245,Entity,argv,N/A,[argv] /usr/lib/upower/upowerd,cf:913767364,0,1,2019:03:22T13:17:40,0,4294724537,N/A,N/A,N/A,N/A,N/A,N/A,N/A,N/A,N/A,N/A,N/A,N/A,N/A,N/A,false,N/A,N/A,N/A,N/A,N/A,/usr/lib/upower/upowerd
cf:AAAIAAAAACDc8gAAAAAAAAEAAADE+3Y2AAAAAAAAAAA=,62172,Entity,path,/cgroup.procs,[path] /cgroup.procs,cf:913767364,0,1,2019:03:22T13:17:40,0,4294724311,N/A,N/A,N/A,N/A,N/A,N/A,N/A,N/A,N/A,N/A,N/A,N/A,N/A,N/A,N/A,N/A,N/A,N/A,N/A,N/A,N/A
cf:AAAIAAAAACBC8wAAAAAAAAEAAADE+3Y2AAAAAAAAAAA=,62274,Entity,path,/lib/x86_64-linux-gnu/libusb-1.0.so.0.1.0,[path] /lib/x86_64-linux-gnu/libusb-1.0.so.0.1.0,cf:913767364,0,1,2019:03:22T13:17:40,0,4294724556,N/A,N/A,N/A,N/A,N/A,N/A,N/A,N/A,N/A,N/A,N/A,N/A,N/A,N/A,N/A,N/A,N/A,N/A,N/A,N/A,N/A
cf:AAAIAAAAACDY8gAAAAAAAAEAAADE+3Y2AAAAAAAAAAA=,62168,Entity,path,/cgroup.procs,[path] /cgroup.procs,cf:913767364,0,1,2019:03:22T13:17:40,0,4294724310,N/A,N/A,N/A,N/A,N/A,N/A,N/A,N/A,N/A,N/A,N/A,N/A,N/A,N/A,N/A,N/A,N/A,N/A,N/A,N/A,N/A
cf:AAAIAAAAACBP8wAAAAAAAAEAAADE+3Y2AAAAAAAAAAA=,62287,Entity,path,/usr/lib/upower/upowerd,[path] /usr/lib/upower/upowerd,cf:913767364,0,1,2019:03:22T13:17:40,0,4294724646,N/A,N/A,N/A,N/A,N/A,N/A,N/A,N/A,N/A,N/A,N/A,N/A,N/A,N/A,N/A,N/A,N/A,N/A,N/A,N/A,N/A
cf:AAAIAAAAACBB8wAAAAAAAAEAAADE+3Y2AAAAAAAAAAA=,62273,Entity,path,/usr/lib/upower/upowerd,[path] /usr/lib/upower/upowerd,cf:913767364,0,1,2019:03:22T13:17:40,0,4294724556,N/A,N/A,N/A,N/A,N/A,N/A,N/A,N/A,N/A,N/A,N/A,N/A,N/A,N/A,N/A,N/A,N/A,N/A,N/A,N/A,N/A
cf:AAAIAAAAACA18wAAAAAAAAEAAADE+3Y2AAAAAAAAAAA=,62261,Entity,path,/usr/lib/upower/upowerd,[path] /usr/lib/upower/upowerd,cf:913767364,0,1,2019:03:22T13:17:40,0,4294724542,N/A,N/A,N/A,N/A,N/A,N/A,N/A,N/A,N/A,N/A,N/A,N/A,N/A,N/A,N/A,N/A,N/A,N/A,N/A,N/A,N/A
cf:AAAIAAAAACDg8gAAAAAAAAEAAADE+3Y2AAAAAAAAAAA=,62176,Entity,path,/system.slice/upower.service/cgroup.procs,[path] /system.slice/upower.service/cgroup.procs,cf:913767364,0,1,2019:03:22T13:17:40,0,4294724311,N/A,N/A,N/A,N/A,N/A,N/A,N/A,N/A,N/A,N/A,N/A,N/A,N/A,N/A,N/A,N/A,N/A,N/A,N/A,N/A,N/A
cf:AAAIAAAAACDb8gAAAAAAAAEAAADE+3Y2AAAAAAAAAAA=,62171,Entity,path,/cgroup.procs,[path] /cgroup.procs,cf:913767364,0,1,2019:03:22T13:17:40,0,4294724310,N/A,N/A,N/A,N/A,N/A,N/A,N/A,N/A,N/A,N/A,N/A,N/A,N/A,N/A,N/A,N/A,N/A,N/A,N/A,N/A,N/A
cf:AAAIAAAAACDi8gAAAAAAAAEAAADE+3Y2AAAAAAAAAAA=,62178,Entity,path,/lib/systemd/systemd,[path] /lib/systemd/systemd,cf:913767364,0,1,2019:03:22T13:17:40,0,4294724311,N/A,N/A,N/A,N/A,N/A,N/A,N/A,N/A,N/A,N/A,N/A,N/A,N/A,N/A,N/A,N/A,N/A,N/A,N/A,N/A,N/A
cf:AAAIAAAAACA28wAAAAAAAAEAAADE+3Y2AAAAAAAAAAA=,62262,Entity,path,/usr/lib/x86_64-linux-gnu/libupower-glib.so.3.0.1,[path] /usr/lib/x86_64-linux-gnu/libupower-glib.so.3.0.1,cf:913767364,0,1,2019:03:22T13:17:40,0,4294724542,N/A,N/A,N/A,N/A,N/A,N/A,N/A,N/A,N/A,N/A,N/A,N/A,N/A,N/A,N/A,N/A,N/A,N/A,N/A,N/A,N/A
cf:AAACAAAAACDT8gAAAAAAAAEAAADE+3Y2AAAAAAAAAAA=,62163,Entity,address,N/A,[address] UNIX /run/systemd/journal/stdout,cf:913767364,0,1,2019:03:22T13:17:40,0,4294724308,N/A,N/A,N/A,N/A,N/A,N/A,N/A,N/A,N/A,N/A,N/A,N/A,N/A,N/A,N/A,N/A,N/A,N/A,N/A,"{u'path': u'/run/systemd/journal/stdout', u'type': u'AF_UNIX'}",N/A
cf:AAAIAAAAACAy8wAAAAAAAAEAAADE+3Y2AAAAAAAAAAA=,62258,Entity,path,/usr/lib/upower/upowerd,[path] /usr/lib/upower/upowerd,cf:913767364,0,1,2019:03:22T13:17:40,0,4294724542,N/A,N/A,N/A,N/A,N/A,N/A,N/A,N/A,N/A,N/A,N/A,N/A,N/A,N/A,N/A,N/A,N/A,N/A,N/A,N/A,N/A
cf:AAAIAAAAACBK8wAAAAAAAAEAAADE+3Y2AAAAAAAAAAA=,62282,Entity,path,/usr/lib/upower/upowerd,[path] /usr/lib/upower/upowerd,cf:913767364,0,1,2019:03:22T13:17:40,0,4294724646,N/A,N/A,N/A,N/A,N/A,N/A,N/A,N/A,N/A,N/A,N/A,N/A,N/A,N/A,N/A,N/A,N/A,N/A,N/A,N/A,N/A
cf:AAAIAAAAACDZ8gAAAAAAAAEAAADE+3Y2AAAAAAAAAAA=,62169,Entity,path,/cpuacct,[path] /cpuacct,cf:913767364,0,1,2019:03:22T13:17:40,0,4294724310,N/A,N/A,N/A,N/A,N/A,N/A,N/A,N/A,N/A,N/A,N/A,N/A,N/A,N/A,N/A,N/A,N/A,N/A,N/A,N/A,N/A
cf:AAAIAAAAACAk8wAAAAAAAAEAAADE+3Y2AAAAAAAAAAA=,62244,Entity,path,/usr/lib/upower/upowerd,[path] /usr/lib/upower/upowerd,cf:913767364,0,1,2019:03:22T13:17:40,0,4294724517,N/A,N/A,N/A,N/A,N/A,N/A,N/A,N/A,N/A,N/A,N/A,N/A,N/A,N/A,N/A,N/A,N/A,N/A,N/A,N/A,N/A
cf:AQAAAAAAAEDW8QAAAAAAAAEAAADE+3Y2CAAAAAAAAAA=,61910,Activity,task,N/A,[task] 8,cf:913767364,8,1,2019:03:22T13:17:40,0,4294724257,N/A,N/A,1503,1503,N/A,N/A,N/A,N/A,N/A,N/A,N/A,N/A,N/A,N/A,N/A,N/A,N/A,N/A,N/A,N/A,N/A
cf:AQAAAAAAAEDW8QAAAAAAAAEAAADE+3Y2CwAAAAAAAAA=,61910,Activity,task,N/A,[task] 11,cf:913767364,11,1,2019:03:22T13:17:40,0,4294724257,N/A,N/A,1503,1503,N/A,N/A,N/A,N/A,N/A,N/A,N/A,N/A,N/A,N/A,N/A,N/A,N/A,N/A,N/A,N/A,N/A
cf:AQAAAAAAAEDW8QAAAAAAAAEAAADE+3Y2BAAAAAAAAAA=,61910,Activity,task,N/A,[task] 4,cf:913767364,4,1,2019:03:22T13:17:40,0,4294724257,N/A,N/A,1503,1503,N/A,N/A,N/A,N/A,N/A,N/A,N/A,N/A,N/A,N/A,N/A,N/A,N/A,N/A,N/A,N/A,N/A
cf:AQAAAAAAAEDW8QAAAAAAAAEAAADE+3Y2DQAAAAAAAAA=,61910,Activity,task,N/A,[task] 13,cf:913767364,13,1,2019:03:22T13:17:40,0,4294724257,N/A,N/A,1503,1503,N/A,N/A,N/A,N/A,N/A,N/A,N/A,N/A,N/A,N/A,N/A,N/A,N/A,N/A,N/A,N/A,N/A
cf:AQAAAAAAAEDW8QAAAAAAAAEAAADE+3Y2AgAAAAAAAAA=,61910,Activity,task,N/A,[task] 2,cf:913767364,2,1,2019:03:22T13:17:40,0,4294724256,N/A,N/A,1503,1503,N/A,N/A,N/A,N/A,N/A,N/A,N/A,N/A,N/A,N/A,N/A,N/A,N/A,N/A,N/A,N/A,N/A
cf:AQAAAAAAAEDW8QAAAAAAAAEAAADE+3Y2BgAAAAAAAAA=,61910,Activity,task,N/A,[task] 6,cf:913767364,6,1,2019:03:22T13:17:40,0,4294724257,N/A,N/A,1503,1503,N/A,N/A,N/A,N/A,N/A,N/A,N/A,N/A,N/A,N/A,N/A,N/A,N/A,N/A,N/A,N/A,N/A
cf:AQAAAAAAAEDW8QAAAAAAAAEAAADE+3Y2AQAAAAAAAAA=,61910,Activity,task,N/A,[task] 1,cf:913767364,1,1,2019:03:22T13:17:40,0,4294724256,N/A,N/A,1503,1503,N/A,N/A,N/A,N/A,N/A,N/A,N/A,N/A,N/A,N/A,N/A,N/A,N/A,N/A,N/A,N/A,N/A
cf:AQAAAAAAAEDW8QAAAAAAAAEAAADE+3Y2CQAAAAAAAAA=,61910,Activity,task,N/A,[task] 9,cf:913767364,9,1,2019:03:22T13:17:40,0,4294724257,N/A,N/A,1503,1503,N/A,N/A,N/A,N/A,N/A,N/A,N/A,N/A,N/A,N/A,N/A,N/A,N/A,N/A,N/A,N/A,N/A
cf:AQAAAAAAAEDW8QAAAAAAAAEAAADE+3Y2CgAAAAAAAAA=,61910,Activity,task,N/A,[task] 10,cf:913767364,10,1,2019:03:22T13:17:40,0,4294724257,N/A,N/A,1503,1503,N/A,N/A,N/A,N/A,N/A,N/A,N/A,N/A,N/A,N/A,N/A,N/A,N/A,N/A,N/A,N/A,N/A
cf:AQAAAAAAAEDW8QAAAAAAAAEAAADE+3Y2BQAAAAAAAAA=,61910,Activity,task,N/A,[task] 5,cf:913767364,5,1,2019:03:22T13:17:40,0,4294724257,N/A,N/A,1503,1503,N/A,N/A,N/A,N/A,N/A,N/A,N/A,N/A,N/A,N/A,N/A,N/A,N/A,N/A,N/A,N/A,N/A
cf:AQAAAAAAAEDW8QAAAAAAAAEAAADE+3Y2DAAAAAAAAAA=,61910,Activity,task,N/A,[task] 12,cf:913767364,12,1,2019:03:22T13:17:40,0,4294724257,N/A,N/A,1503,1503,N/A,N/A,N/A,N/A,N/A,N/A,N/A,N/A,N/A,N/A,N/A,N/A,N/A,N/A,N/A,N/A,N/A
cf:AQAAAAAAAEDW8QAAAAAAAAEAAADE+3Y2AwAAAAAAAAA=,61910,Activity,task,N/A,[task] 3,cf:913767364,3,1,2019:03:22T13:17:40,0,4294724257,N/A,N/A,1503,1503,N/A,N/A,N/A,N/A,N/A,N/A,N/A,N/A,N/A,N/A,N/A,N/A,N/A,N/A,N/A,N/A,N/A
cf:AQAAAAAAAEDW8QAAAAAAAAEAAADE+3Y2BwAAAAAAAAA=,61910,Activity,task,N/A,[task] 7,cf:913767364,7,1,2019:03:22T13:17:40,0,4294724257,N/A,N/A,1503,1503,N/A,N/A,N/A,N/A,N/A,N/A,N/A,N/A,N/A,N/A,N/A,N/A,N/A,N/A,N/A,N/A,N/A
cf:AQAAAAAAAEDW8QAAAAAAAAEAAADE+3Y2AAAAAAAAAAA=,61910,Activity,task,N/A,[task] 0,cf:913767364,0,1,2019:03:22T13:17:40,0,4294724256,N/A,N/A,1503,1503,N/A,N/A,N/A,N/A,N/A,N/A,N/A,N/A,N/A,N/A,N/A,N/A,N/A,N/A,N/A,N/A,N/A
cf:AAAACAAAACDx8QAAAAAAAAEAAADE+3Y2AAAAAAAAAAA=,61937,Entity,process_memory,N/A,[process] 0,cf:913767364,0,1,2019:03:22T13:17:40,0,4294724257,0,0,N/A,N/A,N/A,null,N/A,N/A,N/A,N/A,N/A,N/A,N/A,N/A,N/A,N/A,N/A,N/A,N/A,N/A,N/A
cf:AAAIAAAAACBa8wAAAAAAAAEAAADE+3Y2AAAAAAAAAAA=,62298,Entity,path,/usr/lib/x86_64-linux-gnu/libimobiledevice.so.6.0.0,[path] /usr/lib/x86_64-linux-gnu/libimobiledevice.so.6.0.0,cf:913767364,0,1,2019:03:22T13:17:40,0,4294724646,N/A,N/A,N/A,N/A,N/A,N/A,N/A,N/A,N/A,N/A,N/A,N/A,N/A,N/A,N/A,N/A,N/A,N/A,N/A,N/A,N/A
cf:AAEAAAAAACCDWQAAAAAAAAAAAADE+3Y2AAAAAAAAAAA=,22915,Entity,file,N/A,[file] 0,cf:913767364,0,0,2019:03:22T13:17:40,0,4294724256,0,0,N/A,N/A,N/A,unlabeled,0x81a4,1312757,5cc95d31-4a07-4876-a326-1f04213ccde6,N/A,N/A,N/A,N/A,N/A,N/A,N/A,N/A,N/A,N/A,N/A,N/A
cf:AAAACAAAACDz8QAAAAAAAAEAAADE+3Y2AAAAAAAAAAA=,61939,Entity,process_memory,N/A,[process] 0,cf:913767364,0,1,2019:03:22T13:17:40,0,4294724257,0,0,N/A,N/A,N/A,null,N/A,N/A,N/A,N/A,N/A,N/A,N/A,N/A,N/A,N/A,N/A,N/A,N/A,N/A,N/A
cf:AAEAAAAAACAA8QAAAAAAAAEAAADE+3Y2AAAAAAAAAAA=,61696,Entity,file,N/A,[file] 0,cf:913767364,0,1,2019:03:22T13:17:40,0,4294724256,900,900,N/A,N/A,N/A,unlabeled,0x81c9,917526,5cc95d31-4a07-4876-a326-1f04213ccde6,N/A,N/A,N/A,N/A,N/A,N/A,N/A,N/A,N/A,N/A,N/A,N/A
cf:AAAACAAAACDV8QAAAAAAAAEAAADE+3Y2AQAAAAAAAAA=,61909,Entity,process_memory,N/A,[process] 1,cf:913767364,1,1,2019:03:22T13:17:40,0,4294724257,0,0,N/A,N/A,N/A,kernel,N/A,N/A,N/A,N/A,N/A,N/A,N/A,N/A,N/A,N/A,N/A,N/A,N/A,N/A,N/A
cf:AAAIAAAAACBf8wAAAAAAAAEAAADE+3Y2AAAAAAAAAAA=,62303,Entity,path,/usr/lib/x86_64-linux-gnu/libplist.so.3.1.0,[path] /usr/lib/x86_64-linux-gnu/libplist.so.3.1.0,cf:913767364,0,1,2019:03:22T13:17:40,0,4294724646,N/A,N/A,N/A,N/A,N/A,N/A,N/A,N/A,N/A,N/A,N/A,N/A,N/A,N/A,N/A,N/A,N/A,N/A,N/A,N/A,N/A
cf:AAEAAAAAACDt8QAAAAAAAAEAAADE+3Y2AAAAAAAAAAA=,61933,Entity,file,N/A,[file] 0,cf:913767364,0,1,2019:03:22T13:17:40,0,4294724256,0,0,N/A,N/A,N/A,unlabeled,0x81ed,2097237,5cc95d31-4a07-4876-a326-1f04213ccde6,N/A,N/A,N/A,N/A,N/A,N/A,N/A,N/A,N/A,N/A,N/A,N/A
cf:AAAACAAAACD18QAAAAAAAAEAAADE+3Y2AAAAAAAAAAA=,61941,Entity,process_memory,N/A,[process] 0,cf:913767364,0,1,2019:03:22T13:17:40,0,4294724257,0,0,N/A,N/A,N/A,null,N/A,N/A,N/A,N/A,N/A,N/A,N/A,N/A,N/A,N/A,N/A,N/A,N/A,N/A,N/A
cf:AAAIAAAAACBe8wAAAAAAAAEAAADE+3Y2AAAAAAAAAAA=,62302,Entity,path,/usr/lib/upower/upowerd,[path] /usr/lib/upower/upowerd,cf:913767364,0,1,2019:03:22T13:17:40,0,4294724646,N/A,N/A,N/A,N/A,N/A,N/A,N/A,N/A,N/A,N/A,N/A,N/A,N/A,N/A,N/A,N/A,N/A,N/A,N/A,N/A,N/A
cf:AAAIAAAAACBQ8wAAAAAAAAEAAADE+3Y2AAAAAAAAAAA=,62288,Entity,path,/usr/lib/x86_64-linux-gnu/libgobject-2.0.so.0.5600.2,[path] /usr/lib/x86_64-linux-gnu/libgobject-2.0.so.0.5600.2,cf:913767364,0,1,2019:03:22T13:17:40,0,4294724646,N/A,N/A,N/A,N/A,N/A,N/A,N/A,N/A,N/A,N/A,N/A,N/A,N/A,N/A,N/A,N/A,N/A,N/A,N/A,N/A,N/A
cf:AAAIAAAAACBZ8wAAAAAAAAEAAADE+3Y2AAAAAAAAAAA=,62297,Entity,path,/usr/lib/upower/upowerd,[path] /usr/lib/upower/upowerd,cf:913767364,0,1,2019:03:22T13:17:40,0,4294724646,N/A,N/A,N/A,N/A,N/A,N/A,N/A,N/A,N/A,N/A,N/A,N/A,N/A,N/A,N/A,N/A,N/A,N/A,N/A,N/A,N/A
cf:AAAACAAAACDV8QAAAAAAAAEAAADE+3Y2AAAAAAAAAAA=,61909,Entity,process_memory,N/A,[process] 0,cf:913767364,0,1,2019:03:22T13:17:40,0,4294724256,0,0,N/A,N/A,N/A,kernel,N/A,N/A,N/A,N/A,N/A,N/A,N/A,N/A,N/A,N/A,N/A,N/A,N/A,N/A,N/A
cf:AAAIAAAAACBV8wAAAAAAAAEAAADE+3Y2AAAAAAAAAAA=,62293,Entity,path,/usr/lib/x86_64-linux-gnu/libglib-2.0.so.0.5600.2,[path] /usr/lib/x86_64-linux-gnu/libglib-2.0.so.0.5600.2,cf:913767364,0,1,2019:03:22T13:17:40,0,4294724646,N/A,N/A,N/A,N/A,N/A,N/A,N/A,N/A,N/A,N/A,N/A,N/A,N/A,N/A,N/A,N/A,N/A,N/A,N/A,N/A,N/A
cf:AAAACAAAACDv8QAAAAAAAAEAAADE+3Y2AAAAAAAAAAA=,61935,Entity,process_memory,N/A,[process] 0,cf:913767364,0,1,2019:03:22T13:17:40,0,4294724256,0,0,N/A,N/A,N/A,null,N/A,N/A,N/A,N/A,N/A,N/A,N/A,N/A,N/A,N/A,N/A,N/A,N/A,N/A,N/A
cf:AAAACAAAACDV8QAAAAAAAAEAAADE+3Y2AwAAAAAAAAA=,61909,Entity,process_memory,N/A,[process] 3,cf:913767364,3,1,2019:03:22T13:17:40,0,4294724257,0,0,N/A,N/A,N/A,kernel,N/A,N/A,N/A,N/A,N/A,N/A,N/A,N/A,N/A,N/A,N/A,N/A,N/A,N/A,N/A
cf:AAAIAAAAACBU8wAAAAAAAAEAAADE+3Y2AAAAAAAAAAA=,62292,Entity,path,/usr/lib/upower/upowerd,[path] /usr/lib/upower/upowerd,cf:913767364,0,1,2019:03:22T13:17:40,0,4294724646,N/A,N/A,N/A,N/A,N/A,N/A,N/A,N/A,N/A,N/A,N/A,N/A,N/A,N/A,N/A,N/A,N/A,N/A,N/A,N/A,N/A
cf:AAAACAAAACDV8QAAAAAAAAEAAADE+3Y2AgAAAAAAAAA=,61909,Entity,process_memory,N/A,[process] 2,cf:913767364,2,1,2019:03:22T13:17:40,0,4294724257,0,0,N/A,N/A,N/A,kernel,N/A,N/A,N/A,N/A,N/A,N/A,N/A,N/A,N/A,N/A,N/A,N/A,N/A,N/A,N/A
cf:AQAAAAAAAED48QAAAAAAAAEAAADE+3Y2AAAAAAAAAAA=,61944,Activity,task,N/A,[task] 0,cf:913767364,0,1,2019:03:22T13:17:40,0,4294724257,N/A,N/A,0,0,N/A,N/A,N/A,N/A,N/A,N/A,N/A,N/A,N/A,N/A,N/A,N/A,N/A,N/A,N/A,N/A,N/A
cf:AQAAAAAAAEDUxgAAAAAAAAEAAADE+3Y2AQAAAAAAAAA=,50900,Activity,task,N/A,[task] 1,cf:913767364,1,1,2019:03:22T13:17:40,0,4294724257,N/A,N/A,1038,1038,N/A,N/A,N/A,N/A,N/A,N/A,N/A,N/A,N/A,N/A,N/A,N/A,N/A,N/A,N/A,N/A,N/A
cf:AQAAAAAAAEDUxgAAAAAAAAEAAADE+3Y2AgAAAAAAAAA=,50900,Activity,task,N/A,[task] 2,cf:913767364,2,1,2019:03:22T13:17:40,0,4294724257,N/A,N/A,1038,1038,N/A,N/A,N/A,N/A,N/A,N/A,N/A,N/A,N/A,N/A,N/A,N/A,N/A,N/A,N/A,N/A,N/A
cf:AQAAAAAAAEDi8QAAAAAAAAEAAADE+3Y2AQAAAAAAAAA=,61922,Activity,task,N/A,[task] 1,cf:913767364,1,1,2019:03:22T13:17:40,0,4294724260,N/A,N/A,1504,1504,N/A,N/A,N/A,N/A,N/A,N/A,N/A,N/A,N/A,N/A,N/A,N/A,N/A,N/A,N/A,N/A,N/A
cf:AQAAAAAAAED48QAAAAAAAAEAAADE+3Y2AQAAAAAAAAA=,61944,Activity,task,N/A,[task] 1,cf:913767364,1,1,2019:03:22T13:17:40,0,4294724257,N/A,N/A,1505,1505,N/A,N/A,N/A,N/A,N/A,N/A,N/A,N/A,N/A,N/A,N/A,N/A,N/A,N/A,N/A,N/A,N/A
cf:AQAAAAAAAEDUxgAAAAAAAAEAAADE+3Y2AAAAAAAAAAA=,50900,Activity,task,N/A,[task] 0,cf:913767364,0,1,2019:03:22T13:17:40,0,4294724257,N/A,N/A,1038,1038,N/A,N/A,N/A,N/A,N/A,N/A,N/A,N/A,N/A,N/A,N/A,N/A,N/A,N/A,N/A,N/A,N/A
cf:AQAAAAAAAED48QAAAAAAAAEAAADE+3Y2AgAAAAAAAAA=,61944,Activity,task,N/A,[task] 2,cf:913767364,2,1,2019:03:22T13:17:40,0,4294724257,N/A,N/A,1505,1505,N/A,N/A,N/A,N/A,N/A,N/A,N/A,N/A,N/A,N/A,N/A,N/A,N/A,N/A,N/A,N/A,N/A
cf:AQAAAAAAAEAL4gAAAAAAAAEAAADE+3Y2AAAAAAAAAAA=,57867,Activity,task,N/A,[task] 0,cf:913767364,0,1,2019:03:22T13:17:40,0,4294724270,N/A,N/A,1368,1368,N/A,N/A,N/A,N/A,N/A,N/A,N/A,N/A,N/A,N/A,N/A,N/A,N/A,N/A,N/A,N/A,N/A
cf:AQAAAAAAAEDi8QAAAAAAAAEAAADE+3Y2AAAAAAAAAAA=,61922,Activity,task,N/A,[task] 0,cf:913767364,0,1,2019:03:22T13:17:40,0,4294724260,N/A,N/A,1504,1504,N/A,N/A,N/A,N/A,N/A,N/A,N/A,N/A,N/A,N/A,N/A,N/A,N/A,N/A,N/A,N/A,N/A
cf:AAAACAAAACCX1wAAAAAAAAEAAADE+3Y2AAAAAAAAAAA=,55191,Entity,process_memory,N/A,[process] 0,cf:913767364,0,1,2019:03:22T13:17:40,0,4294724270,111,118,N/A,N/A,N/A,kernel,N/A,N/A,N/A,N/A,N/A,N/A,N/A,N/A,N/A,N/A,N/A,N/A,N/A,N/A,N/A
cf:AAAACAAAACD78QAAAAAAAAEAAADE+3Y2AAAAAAAAAAA=,61947,Entity,process_memory,N/A,[process] 0,cf:913767364,0,1,2019:03:22T13:17:40,0,4294724257,0,0,N/A,N/A,N/A,null,N/A,N/A,N/A,N/A,N/A,N/A,N/A,N/A,N/A,N/A,N/A,N/A,N/A,N/A,N/A
cf:AAEAAAAAACDK7QAAAAAAAAEAAADE+3Y2AAAAAAAAAAA=,60874,Entity,file,N/A,[file] 0,cf:913767364,0,1,2019:03:22T13:17:40,0,4294724270,0,0,N/A,N/A,N/A,unlabeled,0x81a4,1445935,5cc95d31-4a07-4876-a326-1f04213ccde6,N/A,N/A,N/A,N/A,N/A,N/A,N/A,N/A,N/A,N/A,N/A,N/A
cf:AAAACAAAACDv8QAAAAAAAAEAAADE+3Y2AQAAAAAAAAA=,61935,Entity,process_memory,N/A,[process] 1,cf:913767364,1,1,2019:03:22T13:17:40,0,4294724260,0,0,N/A,N/A,N/A,kernel,N/A,N/A,N/A,N/A,N/A,N/A,N/A,N/A,N/A,N/A,N/A,N/A,N/A,N/A,N/A
cf:ACAAAAAAACDN7wAAAAAAAAEAAADE+3Y2AAAAAAAAAAA=,61389,Entity,socket,N/A,[socket] 0,cf:913767364,0,1,2019:03:22T13:17:40,0,4294724270,103,107,N/A,N/A,N/A,kernel,0xc1ff,23137,af1cb356-2868-a64f-f425-028143c71b7a,N/A,N/A,N/A,N/A,N/A,N/A,N/A,N/A,N/A,N/A,N/A,N/A
cf:AAAACAAAACCX1wAAAAAAAAEAAADE+3Y2AQAAAAAAAAA=,55191,Entity,process_memory,N/A,[process] 1,cf:913767364,1,1,2019:03:22T13:17:40,0,4294724270,111,118,N/A,N/A,N/A,kernel,N/A,N/A,N/A,N/A,N/A,N/A,N/A,N/A,N/A,N/A,N/A,N/A,N/A,N/A,N/A
cf:AAAACAAAACDz8QAAAAAAAAEAAADE+3Y2AQAAAAAAAAA=,61939,Entity,process_memory,N/A,[process] 1,cf:913767364,1,1,2019:03:22T13:17:40,0,4294724260,0,0,N/A,N/A,N/A,kernel,N/A,N/A,N/A,N/A,N/A,N/A,N/A,N/A,N/A,N/A,N/A,N/A,N/A,N/A,N/A
cf:AAAACAAAACD18QAAAAAAAAEAAADE+3Y2AQAAAAAAAAA=,61941,Entity,process_memory,N/A,[process] 1,cf:913767364,1,1,2019:03:22T13:17:40,0,4294724260,0,0,N/A,N/A,N/A,kernel,N/A,N/A,N/A,N/A,N/A,N/A,N/A,N/A,N/A,N/A,N/A,N/A,N/A,N/A,N/A
cf:AAEAAAAAACBjywAAAAAAAAEAAADE+3Y2AAAAAAAAAAA=,52067,Entity,file,N/A,[file] 0,cf:913767364,0,1,2019:03:22T13:17:40,0,4294724257,0,0,N/A,N/A,N/A,unlabeled,0x81a4,1709744,5cc95d31-4a07-4876-a326-1f04213ccde6,N/A,N/A,N/A,N/A,N/A,N/A,N/A,N/A,N/A,N/A,N/A,N/A
cf:AAAACAAAACDx8QAAAAAAAAEAAADE+3Y2AQAAAAAAAAA=,61937,Entity,process_memory,N/A,[process] 1,cf:913767364,1,1,2019:03:22T13:17:40,0,4294724260,0,0,N/A,N/A,N/A,kernel,N/A,N/A,N/A,N/A,N/A,N/A,N/A,N/A,N/A,N/A,N/A,N/A,N/A,N/A,N/A
cf:AAEAAAAAACAK7AAAAAAAAAEAAADE+3Y2AAAAAAAAAAA=,60426,Entity,file,N/A,[file] 0,cf:913767364,0,1,2019:03:22T13:17:40,0,4294724270,111,118,N/A,N/A,N/A,unlabeled,0x8180,24080,34a5bb8c-db84-49c2-bbc0-dcc9e83f94c4,N/A,N/A,N/A,N/A,N/A,N/A,N/A,N/A,N/A,N/A,N/A,N/A
cf:ACAAAAAAACDM7wAAAAAAAAEAAADE+3Y2AAAAAAAAAAA=,61388,Entity,socket,N/A,[socket] 0,cf:913767364,0,1,2019:03:22T13:17:40,0,4294724270,0,0,N/A,N/A,N/A,unlabeled,0xc1ff,24221,af1cb356-2868-a64f-f425-028143c71b7a,N/A,N/A,N/A,N/A,N/A,N/A,N/A,N/A,N/A,N/A,N/A,N/A
cf:AAAACAAAACD38QAAAAAAAAEAAADE+3Y2AQAAAAAAAAA=,61943,Entity,process_memory,N/A,[process] 1,cf:913767364,1,1,2019:03:22T13:17:40,0,4294724257,0,0,N/A,N/A,N/A,kernel,N/A,N/A,N/A,N/A,N/A,N/A,N/A,N/A,N/A,N/A,N/A,N/A,N/A,N/A,N/A
cf:AAAACAAAACDYxgAAAAAAAAEAAADE+3Y2AAAAAAAAAAA=,50904,Entity,process_memory,N/A,[process] 0,cf:913767364,0,1,2019:03:22T13:17:40,0,4294724257,0,0,N/A,N/A,N/A,kernel,N/A,N/A,N/A,N/A,N/A,N/A,N/A,N/A,N/A,N/A,N/A,N/A,N/A,N/A,N/A
cf:AAAACAAAACD38QAAAAAAAAEAAADE+3Y2AAAAAAAAAAA=,61943,Entity,process_memory,N/A,[process] 0,cf:913767364,0,1,2019:03:22T13:17:40,0,4294724257,0,0,N/A,N/A,N/A,null,N/A,N/A,N/A,N/A,N/A,N/A,N/A,N/A,N/A,N/A,N/A,N/A,N/A,N/A,N/A
cf:AAAIAAAAACDs8QAAAAAAAAEAAADE+3Y2AAAAAAAAAAA=,61932,Entity,path,/usr/local/bin/bash,[path] /usr/local/bin/bash,cf:913767364,0,1,2019:03:22T13:17:40,0,4294724256,N/A,N/A,N/A,N/A,N/A,N/A,N/A,N/A,N/A,N/A,N/A,N/A,N/A,N/A,N/A,N/A,N/A,N/A,N/A,N/A,N/A
cf:AAAACAAAACDl8QAAAAAAAAEAAADE+3Y2AAAAAAAAAAA=,61925,Entity,process_memory,N/A,[process] 0,cf:913767364,0,1,2019:03:22T13:17:40,0,4294724261,0,0,N/A,N/A,N/A,kernel,N/A,N/A,N/A,N/A,N/A,N/A,N/A,N/A,N/A,N/A,N/A,N/A,N/A,N/A,N/A
cf:AAAIAAAAACAP8gAAAAAAAAEAAADE+3Y2AAAAAAAAAAA=,61967,Entity,path,/usr/sbin/NetworkManager,[path] /usr/sbin/NetworkManager,cf:913767364,0,1,2019:03:22T13:17:40,0,4294724290,N/A,N/A,N/A,N/A,N/A,N/A,N/A,N/A,N/A,N/A,N/A,N/A,N/A,N/A,N/A,N/A,N/A,N/A,N/A,N/A,N/A
cf:AAAIAAAAACAI8gAAAAAAAAEAAADE+3Y2AAAAAAAAAAA=,61960,Entity,path,/680/loginuid,[path] /680/loginuid,cf:913767364,0,1,2019:03:22T13:17:40,0,4294724271,N/A,N/A,N/A,N/A,N/A,N/A,N/A,N/A,N/A,N/A,N/A,N/A,N/A,N/A,N/A,N/A,N/A,N/A,N/A,N/A,N/A
cf:AAAIAAAAACD88QAAAAAAAAEAAADE+3Y2AAAAAAAAAAA=,61948,Entity,path,/usr/local/bin/bash,[path] /usr/local/bin/bash,cf:913767364,0,1,2019:03:22T13:17:40,0,4294724257,N/A,N/A,N/A,N/A,N/A,N/A,N/A,N/A,N/A,N/A,N/A,N/A,N/A,N/A,N/A,N/A,N/A,N/A,N/A,N/A,N/A
cf:AAAIAAAAACAG8gAAAAAAAAEAAADE+3Y2AAAAAAAAAAA=,61958,Entity,path,/680/status,[path] /680/status,cf:913767364,0,1,2019:03:22T13:17:40,0,4294724271,N/A,N/A,N/A,N/A,N/A,N/A,N/A,N/A,N/A,N/A,N/A,N/A,N/A,N/A,N/A,N/A,N/A,N/A,N/A,N/A,N/A
cf:AAAIAAAAACAb8gAAAAAAAAEAAADE+3Y2AAAAAAAAAAA=,61979,Entity,path,/713/cmdline,[path] /713/cmdline,cf:913767364,0,1,2019:03:22T13:17:40,0,4294724290,N/A,N/A,N/A,N/A,N/A,N/A,N/A,N/A,N/A,N/A,N/A,N/A,N/A,N/A,N/A,N/A,N/A,N/A,N/A,N/A,N/A
cf:AAAACAAAACDl8QAAAAAAAAEAAADE+3Y2AQAAAAAAAAA=,61925,Entity,process_memory,N/A,[process] 1,cf:913767364,1,1,2019:03:22T13:17:40,0,4294724261,0,0,N/A,N/A,N/A,kernel,N/A,N/A,N/A,N/A,N/A,N/A,N/A,N/A,N/A,N/A,N/A,N/A,N/A,N/A,N/A
cf:AAAIAAAAACD+8QAAAAAAAAEAAADE+3Y2AAAAAAAAAAA=,61950,Entity,path,/usr/sbin/slick-greeter,[path] /usr/sbin/slick-greeter,cf:913767364,0,1,2019:03:22T13:17:40,0,4294724270,N/A,N/A,N/A,N/A,N/A,N/A,N/A,N/A,N/A,N/A,N/A,N/A,N/A,N/A,N/A,N/A,N/A,N/A,N/A,N/A,N/A
cf:AAAIAAAAACDw8QAAAAAAAAEAAADE+3Y2AAAAAAAAAAA=,61936,Entity,path,/usr/local/bin/bash,[path] /usr/local/bin/bash,cf:913767364,0,1,2019:03:22T13:17:40,0,4294724256,N/A,N/A,N/A,N/A,N/A,N/A,N/A,N/A,N/A,N/A,N/A,N/A,N/A,N/A,N/A,N/A,N/A,N/A,N/A,N/A,N/A
cf:AAAIAAAAACDy8QAAAAAAAAEAAADE+3Y2AAAAAAAAAAA=,61938,Entity,path,/usr/local/bin/bash,[path] /usr/local/bin/bash,cf:913767364,0,1,2019:03:22T13:17:40,0,4294724257,N/A,N/A,N/A,N/A,N/A,N/A,N/A,N/A,N/A,N/A,N/A,N/A,N/A,N/A,N/A,N/A,N/A,N/A,N/A,N/A,N/A
cf:AAEAAAAAACBzywAAAAAAAAEAAADE+3Y2AAAAAAAAAAA=,52083,Entity,file,N/A,[file] 0,cf:913767364,0,1,2019:03:22T13:17:40,0,4294724257,0,0,N/A,N/A,N/A,unlabeled,0x81a4,1709814,5cc95d31-4a07-4876-a326-1f04213ccde6,N/A,N/A,N/A,N/A,N/A,N/A,N/A,N/A,N/A,N/A,N/A,N/A
cf:AAAIAAAAACAa8gAAAAAAAAEAAADE+3Y2AAAAAAAAAAA=,61978,Entity,path,/713/comm,[path] /713/comm,cf:913767364,0,1,2019:03:22T13:17:40,0,4294724290,N/A,N/A,N/A,N/A,N/A,N/A,N/A,N/A,N/A,N/A,N/A,N/A,N/A,N/A,N/A,N/A,N/A,N/A,N/A,N/A,N/A
cf:AAAIAAAAACAB8gAAAAAAAAEAAADE+3Y2AAAAAAAAAAA=,61953,Entity,path,/lib/systemd/systemd-journald,[path] /lib/systemd/systemd-journald,cf:913767364,0,1,2019:03:22T13:17:40,0,4294724271,N/A,N/A,N/A,N/A,N/A,N/A,N/A,N/A,N/A,N/A,N/A,N/A,N/A,N/A,N/A,N/A,N/A,N/A,N/A,N/A,N/A
cf:AAAIAAAAACD28QAAAAAAAAEAAADE+3Y2AAAAAAAAAAA=,61942,Entity,path,/usr/local/bin/bash,[path] /usr/local/bin/bash,cf:913767364,0,1,2019:03:22T13:17:40,0,4294724257,N/A,N/A,N/A,N/A,N/A,N/A,N/A,N/A,N/A,N/A,N/A,N/A,N/A,N/A,N/A,N/A,N/A,N/A,N/A,N/A,N/A
cf:AAAIAAAAACAc8gAAAAAAAAEAAADE+3Y2AAAAAAAAAAA=,61980,Entity,path,/713/status,[path] /713/status,cf:913767364,0,1,2019:03:22T13:17:40,0,4294724290,N/A,N/A,N/A,N/A,N/A,N/A,N/A,N/A,N/A,N/A,N/A,N/A,N/A,N/A,N/A,N/A,N/A,N/A,N/A,N/A,N/A
cf:AAAIAAAAACAJ8gAAAAAAAAEAAADE+3Y2AAAAAAAAAAA=,61961,Entity,path,/680/cgroup,[path] /680/cgroup,cf:913767364,0,1,2019:03:22T13:17:40,0,4294724271,N/A,N/A,N/A,N/A,N/A,N/A,N/A,N/A,N/A,N/A,N/A,N/A,N/A,N/A,N/A,N/A,N/A,N/A,N/A,N/A,N/A
cf:AAAIAAAAACDu8QAAAAAAAAEAAADE+3Y2AAAAAAAAAAA=,61934,Entity,path,/bin/sleep,[path] /bin/sleep,cf:913767364,0,1,2019:03:22T13:17:40,0,4294724256,N/A,N/A,N/A,N/A,N/A,N/A,N/A,N/A,N/A,N/A,N/A,N/A,N/A,N/A,N/A,N/A,N/A,N/A,N/A,N/A,N/A
cf:AAAIAAAAACAd8gAAAAAAAAEAAADE+3Y2AAAAAAAAAAA=,61981,Entity,path,/713/sessionid,[path] /713/sessionid,cf:913767364,0,1,2019:03:22T13:17:40,0,4294724290,N/A,N/A,N/A,N/A,N/A,N/A,N/A,N/A,N/A,N/A,N/A,N/A,N/A,N/A,N/A,N/A,N/A,N/A,N/A,N/A,N/A
cf:AAAIAAAAACAK8gAAAAAAAAEAAADE+3Y2AAAAAAAAAAA=,61962,Entity,path,/usr/sbin/rsyslogd,[path] /usr/sbin/rsyslogd,cf:913767364,0,1,2019:03:22T13:17:40,0,4294724272,N/A,N/A,N/A,N/A,N/A,N/A,N/A,N/A,N/A,N/A,N/A,N/A,N/A,N/A,N/A,N/A,N/A,N/A,N/A,N/A,N/A
cf:AAAIAAAAACAH8gAAAAAAAAEAAADE+3Y2AAAAAAAAAAA=,61959,Entity,path,/680/sessionid,[path] /680/sessionid,cf:913767364,0,1,2019:03:22T13:17:40,0,4294724271,N/A,N/A,N/A,N/A,N/A,N/A,N/A,N/A,N/A,N/A,N/A,N/A,N/A,N/A,N/A,N/A,N/A,N/A,N/A,N/A,N/A
cf:AAAIAAAAACAF8gAAAAAAAAEAAADE+3Y2AAAAAAAAAAA=,61957,Entity,path,/680/cmdline,[path] /680/cmdline,cf:913767364,0,1,2019:03:22T13:17:40,0,4294724271,N/A,N/A,N/A,N/A,N/A,N/A,N/A,N/A,N/A,N/A,N/A,N/A,N/A,N/A,N/A,N/A,N/A,N/A,N/A,N/A,N/A
cf:AAAIAAAAACAC8gAAAAAAAAEAAADE+3Y2AAAAAAAAAAA=,61954,Entity,path,/680/comm,[path] /680/comm,cf:913767364,0,1,2019:03:22T13:17:40,0,4294724271,N/A,N/A,N/A,N/A,N/A,N/A,N/A,N/A,N/A,N/A,N/A,N/A,N/A,N/A,N/A,N/A,N/A,N/A,N/A,N/A,N/A
cf:AAAIAAAAACD08QAAAAAAAAEAAADE+3Y2AAAAAAAAAAA=,61940,Entity,path,/usr/local/bin/bash,[path] /usr/local/bin/bash,cf:913767364,0,1,2019:03:22T13:17:40,0,4294724257,N/A,N/A,N/A,N/A,N/A,N/A,N/A,N/A,N/A,N/A,N/A,N/A,N/A,N/A,N/A,N/A,N/A,N/A,N/A,N/A,N/A
cf:AAAIAAAAACAe8gAAAAAAAAEAAADE+3Y2AAAAAAAAAAA=,61982,Entity,path,/713/loginuid,[path] /713/loginuid,cf:913767364,0,1,2019:03:22T13:17:40,0,4294724290,N/A,N/A,N/A,N/A,N/A,N/A,N/A,N/A,N/A,N/A,N/A,N/A,N/A,N/A,N/A,N/A,N/A,N/A,N/A,N/A,N/A
cf:AAAIAAAAACAg8gAAAAAAAAEAAADE+3Y2AAAAAAAAAAA=,61984,Entity,path,/1428/comm,[path] /1428/comm,cf:913767364,0,1,2019:03:22T13:17:40,0,4294724290,N/A,N/A,N/A,N/A,N/A,N/A,N/A,N/A,N/A,N/A,N/A,N/A,N/A,N/A,N/A,N/A,N/A,N/A,N/A,N/A,N/A
cf:AAAIAAAAACAr8gAAAAAAAAEAAADE+3Y2AAAAAAAAAAA=,61995,Entity,path,/677/sessionid,[path] /677/sessionid,cf:913767364,0,1,2019:03:22T13:17:40,0,4294724290,N/A,N/A,N/A,N/A,N/A,N/A,N/A,N/A,N/A,N/A,N/A,N/A,N/A,N/A,N/A,N/A,N/A,N/A,N/A,N/A,N/A
cf:AAAACAAAACDo8QAAAAAAAAEAAADE+3Y2AAAAAAAAAAA=,61928,Entity,process_memory,N/A,[process] 0,cf:913767364,0,1,2019:03:22T13:17:40,0,4294724261,0,0,N/A,N/A,N/A,kernel,N/A,N/A,N/A,N/A,N/A,N/A,N/A,N/A,N/A,N/A,N/A,N/A,N/A,N/A,N/A
cf:AAAIAAAAACAu8gAAAAAAAAEAAADE+3Y2AAAAAAAAAAA=,61998,Entity,path,/var/log/syslog,[path] /var/log/syslog,cf:913767364,0,1,2019:03:22T13:17:40,0,4294724290,N/A,N/A,N/A,N/A,N/A,N/A,N/A,N/A,N/A,N/A,N/A,N/A,N/A,N/A,N/A,N/A,N/A,N/A,N/A,N/A,N/A
cf:AAAACAAAACDn8QAAAAAAAAEAAADE+3Y2AAAAAAAAAAA=,61927,Entity,process_memory,N/A,[process] 0,cf:913767364,0,1,2019:03:22T13:17:40,0,4294724261,0,0,N/A,N/A,N/A,kernel,N/A,N/A,N/A,N/A,N/A,N/A,N/A,N/A,N/A,N/A,N/A,N/A,N/A,N/A,N/A
cf:AAAIAAAAACAj8gAAAAAAAAEAAADE+3Y2AAAAAAAAAAA=,61987,Entity,path,/1428/sessionid,[path] /1428/sessionid,cf:913767364,0,1,2019:03:22T13:17:40,0,4294724290,N/A,N/A,N/A,N/A,N/A,N/A,N/A,N/A,N/A,N/A,N/A,N/A,N/A,N/A,N/A,N/A,N/A,N/A,N/A,N/A,N/A
cf:AAAIAAAAACAx8gAAAAAAAAEAAADE+3Y2AAAAAAAAAAA=,62001,Entity,path,/677/cgroup,[path] /677/cgroup,cf:913767364,0,1,2019:03:22T13:17:40,0,4294724296,N/A,N/A,N/A,N/A,N/A,N/A,N/A,N/A,N/A,N/A,N/A,N/A,N/A,N/A,N/A,N/A,N/A,N/A,N/A,N/A,N/A
cf:AAAIAAAAACAv8gAAAAAAAAEAAADE+3Y2AAAAAAAAAAA=,61999,Entity,path,/etc/services,[path] /etc/services,cf:913767364,0,1,2019:03:22T13:17:40,0,4294724290,N/A,N/A,N/A,N/A,N/A,N/A,N/A,N/A,N/A,N/A,N/A,N/A,N/A,N/A,N/A,N/A,N/A,N/A,N/A,N/A,N/A
cf:AAAIAAAAACAs8gAAAAAAAAEAAADE+3Y2AAAAAAAAAAA=,61996,Entity,path,/677/loginuid,[path] /677/loginuid,cf:913767364,0,1,2019:03:22T13:17:40,0,4294724290,N/A,N/A,N/A,N/A,N/A,N/A,N/A,N/A,N/A,N/A,N/A,N/A,N/A,N/A,N/A,N/A,N/A,N/A,N/A,N/A,N/A
cf:AAAIAAAAACAk8gAAAAAAAAEAAADE+3Y2AAAAAAAAAAA=,61988,Entity,path,/1428/loginuid,[path] /1428/loginuid,cf:913767364,0,1,2019:03:22T13:17:40,0,4294724290,N/A,N/A,N/A,N/A,N/A,N/A,N/A,N/A,N/A,N/A,N/A,N/A,N/A,N/A,N/A,N/A,N/A,N/A,N/A,N/A,N/A
cf:AAAIAAAAACAh8gAAAAAAAAEAAADE+3Y2AAAAAAAAAAA=,61985,Entity,path,/1428/cmdline,[path] /1428/cmdline,cf:913767364,0,1,2019:03:22T13:17:40,0,4294724290,N/A,N/A,N/A,N/A,N/A,N/A,N/A,N/A,N/A,N/A,N/A,N/A,N/A,N/A,N/A,N/A,N/A,N/A,N/A,N/A,N/A
cf:AAAIAAAAACAm8gAAAAAAAAEAAADE+3Y2AAAAAAAAAAA=,61990,Entity,path,/usr/share/zoneinfo/UTC,[path] /usr/share/zoneinfo/UTC,cf:913767364,0,1,2019:03:22T13:17:40,0,4294724290,N/A,N/A,N/A,N/A,N/A,N/A,N/A,N/A,N/A,N/A,N/A,N/A,N/A,N/A,N/A,N/A,N/A,N/A,N/A,N/A,N/A
cf:AAAIAAAAACAf8gAAAAAAAAEAAADE+3Y2AAAAAAAAAAA=,61983,Entity,path,/713/cgroup,[path] /713/cgroup,cf:913767364,0,1,2019:03:22T13:17:40,0,4294724290,N/A,N/A,N/A,N/A,N/A,N/A,N/A,N/A,N/A,N/A,N/A,N/A,N/A,N/A,N/A,N/A,N/A,N/A,N/A,N/A,N/A
cf:AAAACAAAACDn8QAAAAAAAAEAAADE+3Y2AQAAAAAAAAA=,61927,Entity,process_memory,N/A,[process] 1,cf:913767364,1,1,2019:03:22T13:17:40,0,4294724261,0,0,N/A,N/A,N/A,kernel,N/A,N/A,N/A,N/A,N/A,N/A,N/A,N/A,N/A,N/A,N/A,N/A,N/A,N/A,N/A
cf:AAAACAAAACDm8QAAAAAAAAEAAADE+3Y2AQAAAAAAAAA=,61926,Entity,process_memory,N/A,[process] 1,cf:913767364,1,1,2019:03:22T13:17:40,0,4294724261,0,0,N/A,N/A,N/A,kernel,N/A,N/A,N/A,N/A,N/A,N/A,N/A,N/A,N/A,N/A,N/A,N/A,N/A,N/A,N/A
cf:AAAIAAAAACAn8gAAAAAAAAEAAADE+3Y2AAAAAAAAAAA=,61991,Entity,path,/677/comm,[path] /677/comm,cf:913767364,0,1,2019:03:22T13:17:40,0,4294724290,N/A,N/A,N/A,N/A,N/A,N/A,N/A,N/A,N/A,N/A,N/A,N/A,N/A,N/A,N/A,N/A,N/A,N/A,N/A,N/A,N/A
cf:AAAIAAAAACAq8gAAAAAAAAEAAADE+3Y2AAAAAAAAAAA=,61994,Entity,path,/677/status,[path] /677/status,cf:913767364,0,1,2019:03:22T13:17:40,0,4294724290,N/A,N/A,N/A,N/A,N/A,N/A,N/A,N/A,N/A,N/A,N/A,N/A,N/A,N/A,N/A,N/A,N/A,N/A,N/A,N/A,N/A
cf:AAAIAAAAACAz8gAAAAAAAAEAAADE+3Y2AAAAAAAAAAA=,62003,Entity,path,/systemd/resolve/stub-resolv.conf,[path] /systemd/resolve/stub-resolv.conf,cf:913767364,0,1,2019:03:22T13:17:40,0,4294724296,N/A,N/A,N/A,N/A,N/A,N/A,N/A,N/A,N/A,N/A,N/A,N/A,N/A,N/A,N/A,N/A,N/A,N/A,N/A,N/A,N/A
cf:AAAIAAAAACAi8gAAAAAAAAEAAADE+3Y2AAAAAAAAAAA=,61986,Entity,path,/1428/status,[path] /1428/status,cf:913767364,0,1,2019:03:22T13:17:40,0,4294724290,N/A,N/A,N/A,N/A,N/A,N/A,N/A,N/A,N/A,N/A,N/A,N/A,N/A,N/A,N/A,N/A,N/A,N/A,N/A,N/A,N/A
cf:AAAACAAAACDm8QAAAAAAAAEAAADE+3Y2AAAAAAAAAAA=,61926,Entity,process_memory,N/A,[process] 0,cf:913767364,0,1,2019:03:22T13:17:40,0,4294724261,0,0,N/A,N/A,N/A,kernel,N/A,N/A,N/A,N/A,N/A,N/A,N/A,N/A,N/A,N/A,N/A,N/A,N/A,N/A,N/A
cf:AAAIAAAAACAo8gAAAAAAAAEAAADE+3Y2AAAAAAAAAAA=,61992,Entity,path,/677/cmdline,[path] /677/cmdline,cf:913767364,0,1,2019:03:22T13:17:40,0,4294724290,N/A,N/A,N/A,N/A,N/A,N/A,N/A,N/A,N/A,N/A,N/A,N/A,N/A,N/A,N/A,N/A,N/A,N/A,N/A,N/A,N/A
cf:AAAIAAAAACAl8gAAAAAAAAEAAADE+3Y2AAAAAAAAAAA=,61989,Entity,path,/1428/cgroup,[path] /1428/cgroup,cf:913767364,0,1,2019:03:22T13:17:40,0,4294724290,N/A,N/A,N/A,N/A,N/A,N/A,N/A,N/A,N/A,N/A,N/A,N/A,N/A,N/A,N/A,N/A,N/A,N/A,N/A,N/A,N/A
cf:AQAAAAAAAEAL4gAAAAAAAAEAAADE+3Y2AQAAAAAAAAA=,57867,Activity,task,N/A,[task] 1,cf:913767364,1,1,2019:03:22T13:17:40,0,4294724271,N/A,N/A,1368,1368,N/A,N/A,N/A,N/A,N/A,N/A,N/A,N/A,N/A,N/A,N/A,N/A,N/A,N/A,N/A,N/A,N/A
cf:AQAAAAAAAEBcjgAAAAAAAAAAAADE+3Y2AQAAAAAAAAA=,36444,Activity,task,N/A,[task] 1,cf:913767364,1,0,2019:03:22T13:17:40,0,4294724270,N/A,N/A,680,680,N/A,N/A,N/A,N/A,N/A,N/A,N/A,N/A,N/A,N/A,N/A,N/A,N/A,N/A,N/A,N/A,N/A
cf:AQAAAAAAAEBcjgAAAAAAAAAAAADE+3Y2AAAAAAAAAAA=,36444,Activity,task,N/A,[task] 0,cf:913767364,0,0,2019:03:22T13:17:40,0,4294724270,N/A,N/A,680,680,N/A,N/A,N/A,N/A,N/A,N/A,N/A,N/A,N/A,N/A,N/A,N/A,N/A,N/A,N/A,N/A,N/A
cf:AAAACAAAACAeUAAAAAAAAAAAAADE+3Y2AAAAAAAAAAA=,20510,Entity,process_memory,N/A,[process] 0,cf:913767364,0,0,2019:03:22T13:17:40,0,4294724271,0,0,N/A,N/A,N/A,kernel,N/A,N/A,N/A,N/A,N/A,N/A,N/A,N/A,N/A,N/A,N/A,N/A,N/A,N/A,N/A
cf:AAAACAAAACDr8QAAAAAAAAEAAADE+3Y2AQAAAAAAAAA=,61931,Entity,process_memory,N/A,[process] 1,cf:913767364,1,1,2019:03:22T13:17:40,0,4294724261,0,0,N/A,N/A,N/A,kernel,N/A,N/A,N/A,N/A,N/A,N/A,N/A,N/A,N/A,N/A,N/A,N/A,N/A,N/A,N/A
cf:AAEAAAAAACD7XAAAAAAAAAAAAADE+3Y2AAAAAAAAAAA=,23803,Entity,file,N/A,[file] 0,cf:913767364,0,0,2019:03:22T13:17:40,0,4294724271,0,101,N/A,N/A,N/A,unlabeled,0x81a0,1703966,5cc95d31-4a07-4876-a326-1f04213ccde6,N/A,N/A,N/A,N/A,N/A,N/A,N/A,N/A,N/A,N/A,N/A,N/A
cf:AAAACAAAACDp8QAAAAAAAAEAAADE+3Y2AQAAAAAAAAA=,61929,Entity,process_memory,N/A,[process] 1,cf:913767364,1,1,2019:03:22T13:17:40,0,4294724261,0,0,N/A,N/A,N/A,kernel,N/A,N/A,N/A,N/A,N/A,N/A,N/A,N/A,N/A,N/A,N/A,N/A,N/A,N/A,N/A
cf:AAAACAAAACDo8QAAAAAAAAEAAADE+3Y2AQAAAAAAAAA=,61928,Entity,process_memory,N/A,[process] 1,cf:913767364,1,1,2019:03:22T13:17:40,0,4294724261,0,0,N/A,N/A,N/A,kernel,N/A,N/A,N/A,N/A,N/A,N/A,N/A,N/A,N/A,N/A,N/A,N/A,N/A,N/A,N/A
cf:AAAACAAAACCX1wAAAAAAAAEAAADE+3Y2AwAAAAAAAAA=,55191,Entity,process_memory,N/A,[process] 3,cf:913767364,3,1,2019:03:22T13:17:40,0,4294724271,111,118,N/A,N/A,N/A,kernel,N/A,N/A,N/A,N/A,N/A,N/A,N/A,N/A,N/A,N/A,N/A,N/A,N/A,N/A,N/A
cf:AAAACAAAACDq8QAAAAAAAAEAAADE+3Y2AQAAAAAAAAA=,61930,Entity,process_memory,N/A,[process] 1,cf:913767364,1,1,2019:03:22T13:17:40,0,4294724261,0,0,N/A,N/A,N/A,kernel,N/A,N/A,N/A,N/A,N/A,N/A,N/A,N/A,N/A,N/A,N/A,N/A,N/A,N/A,N/A
cf:AAAACAAAACDr8QAAAAAAAAEAAADE+3Y2AAAAAAAAAAA=,61931,Entity,process_memory,N/A,[process] 0,cf:913767364,0,1,2019:03:22T13:17:40,0,4294724261,0,0,N/A,N/A,N/A,kernel,N/A,N/A,N/A,N/A,N/A,N/A,N/A,N/A,N/A,N/A,N/A,N/A,N/A,N/A,N/A
cf:AAACAAAAACA18gAAAAAAAAEAAADE+3Y2AAAAAAAAAAA=,62005,Entity,address,N/A,[address] OTHER,cf:913767364,0,1,2019:03:22T13:17:40,0,4294724296,N/A,N/A,N/A,N/A,N/A,N/A,N/A,N/A,N/A,N/A,N/A,N/A,N/A,N/A,N/A,N/A,N/A,N/A,N/A,{u'type': u'OTHER'},N/A
cf:ACAAAAAAACDN7wAAAAAAAAEAAADE+3Y2AQAAAAAAAAA=,61389,Entity,socket,N/A,[socket] 1,cf:913767364,1,1,2019:03:22T13:17:40,0,4294724270,103,107,N/A,N/A,N/A,kernel,0xc1ff,23137,af1cb356-2868-a64f-f425-028143c71b7a,N/A,N/A,N/A,N/A,N/A,N/A,N/A,N/A,N/A,N/A,N/A,N/A
cf:AAAACAAAACDp8QAAAAAAAAEAAADE+3Y2AAAAAAAAAAA=,61929,Entity,process_memory,N/A,[process] 0,cf:913767364,0,1,2019:03:22T13:17:40,0,4294724261,0,0,N/A,N/A,N/A,kernel,N/A,N/A,N/A,N/A,N/A,N/A,N/A,N/A,N/A,N/A,N/A,N/A,N/A,N/A,N/A
cf:AAEAAAAAACBnWQAAAAAAAAAAAADE+3Y2AAAAAAAAAAA=,22887,Entity,file,N/A,[file] 0,cf:913767364,0,0,2019:03:22T13:17:40,0,4294724271,0,101,N/A,N/A,N/A,unlabeled,0x81a0,1704186,5cc95d31-4a07-4876-a326-1f04213ccde6,N/A,N/A,N/A,N/A,N/A,N/A,N/A,N/A,N/A,N/A,N/A,N/A
cf:AAAACAAAACCX1wAAAAAAAAEAAADE+3Y2AgAAAAAAAAA=,55191,Entity,process_memory,N/A,[process] 2,cf:913767364,2,1,2019:03:22T13:17:40,0,4294724270,111,118,N/A,N/A,N/A,kernel,N/A,N/A,N/A,N/A,N/A,N/A,N/A,N/A,N/A,N/A,N/A,N/A,N/A,N/A,N/A
cf:AAAACAAAACDq8QAAAAAAAAEAAADE+3Y2AAAAAAAAAAA=,61930,Entity,process_memory,N/A,[process] 0,cf:913767364,0,1,2019:03:22T13:17:40,0,4294724261,0,0,N/A,N/A,N/A,kernel,N/A,N/A,N/A,N/A,N/A,N/A,N/A,N/A,N/A,N/A,N/A,N/A,N/A,N/A,N/A
cf:AAAACAAAACDDkwAAAAAAAAAAAADE+3Y2AAAAAAAAAAA=,37827,Entity,process_memory,N/A,[process] 0,cf:913767364,0,0,2019:03:22T13:17:40,0,4294724270,103,107,N/A,N/A,N/A,kernel,N/A,N/A,N/A,N/A,N/A,N/A,N/A,N/A,N/A,N/A,N/A,N/A,N/A,N/A,N/A
cf:AQAAAAAAAEBqTwAAAAAAAAAAAADE+3Y2AAAAAAAAAAA=,20330,Activity,task,N/A,[task] 0,cf:913767364,0,0,2019:03:22T13:17:40,0,4294724271,N/A,N/A,438,438,N/A,N/A,N/A,N/A,N/A,N/A,N/A,N/A,N/A,N/A,N/A,N/A,N/A,N/A,N/A,N/A,N/A
cf:AQAAAAAAAEBcjgAAAAAAAAAAAADE+3Y2AgAAAAAAAAA=,36444,Activity,task,N/A,[task] 2,cf:913767364,2,0,2019:03:22T13:17:40,0,4294724271,N/A,N/A,680,680,N/A,N/A,N/A,N/A,N/A,N/A,N/A,N/A,N/A,N/A,N/A,N/A,N/A,N/A,N/A,N/A,N/A
cf:AQAAAAAAAEAJAAAAAAAAAAAAAADE+3Y2AAAAAAAAAAA=,9,Activity,task,N/A,[task] 0,cf:913767364,0,0,2019:03:22T13:17:40,0,4294724271,N/A,N/A,1,1,N/A,N/A,N/A,N/A,N/A,N/A,N/A,N/A,N/A,N/A,N/A,N/A,N/A,N/A,N/A,N/A,N/A
cf:AQAAAAAAAEBqTwAAAAAAAAAAAADE+3Y2AwAAAAAAAAA=,20330,Activity,task,N/A,[task] 3,cf:913767364,3,0,2019:03:22T13:17:40,0,4294724271,N/A,N/A,438,438,N/A,N/A,N/A,N/A,N/A,N/A,N/A,N/A,N/A,N/A,N/A,N/A,N/A,N/A,N/A,N/A,N/A
cf:AQAAAAAAAEBqTwAAAAAAAAAAAADE+3Y2AQAAAAAAAAA=,20330,Activity,task,N/A,[task] 1,cf:913767364,1,0,2019:03:22T13:17:40,0,4294724271,N/A,N/A,438,438,N/A,N/A,N/A,N/A,N/A,N/A,N/A,N/A,N/A,N/A,N/A,N/A,N/A,N/A,N/A,N/A,N/A
cf:AQAAAAAAAEAJAAAAAAAAAAAAAADE+3Y2AQAAAAAAAAA=,9,Activity,task,N/A,[task] 1,cf:913767364,1,0,2019:03:22T13:17:40,0,4294724271,N/A,N/A,1,1,N/A,N/A,N/A,N/A,N/A,N/A,N/A,N/A,N/A,N/A,N/A,N/A,N/A,N/A,N/A,N/A,N/A
cf:AQAAAAAAAEBqTwAAAAAAAAAAAADE+3Y2AgAAAAAAAAA=,20330,Activity,task,N/A,[task] 2,cf:913767364,2,0,2019:03:22T13:17:40,0,4294724271,N/A,N/A,438,438,N/A,N/A,N/A,N/A,N/A,N/A,N/A,N/A,N/A,N/A,N/A,N/A,N/A,N/A,N/A,N/A,N/A
cf:ACAAAAAAACDKkwAAAAAAAAAAAADE+3Y2AAAAAAAAAAA=,37834,Entity,socket,N/A,[socket] 0,cf:913767364,0,0,2019:03:22T13:17:40,0,4294724271,103,107,N/A,N/A,N/A,kernel,0xc1ff,15908,af1cb356-2868-a64f-f425-028143c71b7a,N/A,N/A,N/A,N/A,N/A,N/A,N/A,N/A,N/A,N/A,N/A,N/A
cf:AAEAAAAAACDRmQAAAAAAAAAAAADE+3Y2AAAAAAAAAAA=,39377,Entity,file,N/A,[file] 0,cf:913767364,0,0,2019:03:22T13:17:40,0,4294724271,0,0,N/A,N/A,N/A,kernel,0x81a4,16374,0c6b63ad-255f-0280-a4db-03a120eb7d6c,N/A,N/A,N/A,N/A,N/A,N/A,N/A,N/A,N/A,N/A,N/A,N/A
cf:ACAAAAAAACDM7wAAAAAAAAEAAADE+3Y2AQAAAAAAAAA=,61388,Entity,socket,N/A,[socket] 1,cf:913767364,1,1,2019:03:22T13:17:40,0,4294724270,0,0,N/A,N/A,N/A,unlabeled,0xc1ff,24221,af1cb356-2868-a64f-f425-028143c71b7a,N/A,N/A,N/A,N/A,N/A,N/A,N/A,N/A,N/A,N/A,N/A,N/A
cf:gAAAAAAAACDSmQAAAAAAAAAAAADE+3Y2AAAAAAAAAAA=,39378,Entity,link,N/A,[link] 0,cf:913767364,0,0,2019:03:22T13:17:40,0,4294724271,0,0,N/A,N/A,N/A,kernel,0xa1ff,16375,0c6b63ad-255f-0280-a4db-03a120eb7d6c,N/A,N/A,N/A,N/A,N/A,N/A,N/A,N/A,N/A,N/A,N/A,N/A
cf:AAAACAAAACCmRgAAAAAAAAAAAADE+3Y2AAAAAAAAAAA=,18086,Entity,process_memory,N/A,[process] 0,cf:913767364,0,0,2019:03:22T13:17:40,0,4294724271,0,0,N/A,N/A,N/A,kernel,N/A,N/A,N/A,N/A,N/A,N/A,N/A,N/A,N/A,N/A,N/A,N/A,N/A,N/A,N/A
cf:AAEAAAAAACBnWQAAAAAAAAAAAADE+3Y2AQAAAAAAAAA=,22887,Entity,file,N/A,[file] 1,cf:913767364,1,0,2019:03:22T13:17:40,0,4294724271,0,101,N/A,N/A,N/A,unlabeled,0x81a0,1704186,5cc95d31-4a07-4876-a326-1f04213ccde6,N/A,N/A,N/A,N/A,N/A,N/A,N/A,N/A,N/A,N/A,N/A,N/A
cf:AAEAAAAAACD4UgAAAAAAAAAAAADE+3Y2AQAAAAAAAAA=,21240,Entity,file,N/A,[file] 1,cf:913767364,1,0,2019:03:22T13:17:40,0,4294724271,0,0,N/A,N/A,N/A,unlabeled,0x81a4,11770,edc8a675-0796-4960-9103-75cbcd1a6339,N/A,N/A,N/A,N/A,N/A,N/A,N/A,N/A,N/A,N/A,N/A,N/A
cf:ACAAAAAAACDQmQAAAAAAAAAAAADE+3Y2AAAAAAAAAAA=,39376,Entity,socket,N/A,[socket] 0,cf:913767364,0,0,2019:03:22T13:17:40,0,4294724271,0,0,N/A,N/A,N/A,unlabeled,0xc1ff,16850,af1cb356-2868-a64f-f425-028143c71b7a,N/A,N/A,N/A,N/A,N/A,N/A,N/A,N/A,N/A,N/A,N/A,N/A
cf:AAAACAAAACAeUAAAAAAAAAAAAADE+3Y2AQAAAAAAAAA=,20510,Entity,process_memory,N/A,[process] 1,cf:913767364,1,0,2019:03:22T13:17:40,0,4294724271,0,0,N/A,N/A,N/A,kernel,N/A,N/A,N/A,N/A,N/A,N/A,N/A,N/A,N/A,N/A,N/A,N/A,N/A,N/A,N/A
cf:AAAACAAAACDh8QAAAAAAAAEAAADE+3Y2AAAAAAAAAAA=,61921,Entity,process_memory,N/A,[process] 0,cf:913767364,0,1,2019:03:22T13:17:40,0,4294724273,0,0,N/A,N/A,N/A,kernel,N/A,N/A,N/A,N/A,N/A,N/A,N/A,N/A,N/A,N/A,N/A,N/A,N/A,N/A,N/A
cf:AAAACAAAACAeUAAAAAAAAAAAAADE+3Y2AgAAAAAAAAA=,20510,Entity,process_memory,N/A,[process] 2,cf:913767364,2,0,2019:03:22T13:17:40,0,4294724271,0,0,N/A,N/A,N/A,kernel,N/A,N/A,N/A,N/A,N/A,N/A,N/A,N/A,N/A,N/A,N/A,N/A,N/A,N/A,N/A
cf:ACAAAAAAACB0jgAAAAAAAAAAAADE+3Y2AAAAAAAAAAA=,36468,Entity,socket,N/A,[socket] 0,cf:913767364,0,0,2019:03:22T13:17:40,0,4294724271,0,0,N/A,N/A,N/A,kernel,0xc1ff,15288,af1cb356-2868-a64f-f425-028143c71b7a,N/A,N/A,N/A,N/A,N/A,N/A,N/A,N/A,N/A,N/A,N/A,N/A
cf:AAEAAAAAACD7XAAAAAAAAAAAAADE+3Y2AQAAAAAAAAA=,23803,Entity,file,N/A,[file] 1,cf:913767364,1,0,2019:03:22T13:17:40,0,4294724271,0,101,N/A,N/A,N/A,unlabeled,0x81a0,1703966,5cc95d31-4a07-4876-a326-1f04213ccde6,N/A,N/A,N/A,N/A,N/A,N/A,N/A,N/A,N/A,N/A,N/A,N/A
cf:ACAAAAAAACDaTgAAAAAAAAAAAADE+3Y2AAAAAAAAAAA=,20186,Entity,socket,N/A,[socket] 0,cf:913767364,0,0,2019:03:22T13:17:40,0,4294724271,0,0,N/A,N/A,N/A,kernel,0xc1ff,11562,af1cb356-2868-a64f-f425-028143c71b7a,N/A,N/A,N/A,N/A,N/A,N/A,N/A,N/A,N/A,N/A,N/A,N/A
cf:AAEAAAAAACCikwAAAAAAAAAAAADE+3Y2AAAAAAAAAAA=,37794,Entity,file,N/A,[file] 0,cf:913767364,0,0,2019:03:22T13:17:40,0,4294724271,0,0,N/A,N/A,N/A,unlabeled,0x81a4,1323156,5cc95d31-4a07-4876-a326-1f04213ccde6,N/A,N/A,N/A,N/A,N/A,N/A,N/A,N/A,N/A,N/A,N/A,N/A
cf:AAEAAAAAACAD8gAAAAAAAAEAAADE+3Y2AQAAAAAAAAA=,61955,Entity,file,N/A,[file] 1,cf:913767364,1,1,2019:03:22T13:17:40,0,4294724271,0,0,N/A,N/A,N/A,unlabeled,0x81a4,917527,5cc95d31-4a07-4876-a326-1f04213ccde6,N/A,N/A,N/A,N/A,N/A,N/A,N/A,N/A,N/A,N/A,N/A,N/A
cf:AAEAAAAAACAD8gAAAAAAAAEAAADE+3Y2AAAAAAAAAAA=,61955,Entity,file,N/A,[file] 0,cf:913767364,0,1,2019:03:22T13:17:40,0,4294724271,0,0,N/A,N/A,N/A,unlabeled,0x8180,917527,5cc95d31-4a07-4876-a326-1f04213ccde6,N/A,N/A,N/A,N/A,N/A,N/A,N/A,N/A,N/A,N/A,N/A,N/A
cf:AAEAAAAAACD4UgAAAAAAAAAAAADE+3Y2AAAAAAAAAAA=,21240,Entity,file,N/A,[file] 0,cf:913767364,0,0,2019:03:22T13:17:40,0,4294724271,0,0,N/A,N/A,N/A,unlabeled,0x81a4,11770,edc8a675-0796-4960-9103-75cbcd1a6339,N/A,N/A,N/A,N/A,N/A,N/A,N/A,N/A,N/A,N/A,N/A,N/A
cf:AQAAAAAAAEDUxgAAAAAAAAEAAADE+3Y2AwAAAAAAAAA=,50900,Activity,task,N/A,[task] 3,cf:913767364,3,1,2019:03:22T13:17:40,0,4294724285,N/A,N/A,1038,1038,N/A,N/A,N/A,N/A,N/A,N/A,N/A,N/A,N/A,N/A,N/A,N/A,N/A,N/A,N/A,N/A,N/A
cf:AQAAAAAAAEDUxgAAAAAAAAEAAADE+3Y2BAAAAAAAAAA=,50900,Activity,task,N/A,[task] 4,cf:913767364,4,1,2019:03:22T13:17:40,0,4294724285,N/A,N/A,1038,1038,N/A,N/A,N/A,N/A,N/A,N/A,N/A,N/A,N/A,N/A,N/A,N/A,N/A,N/A,N/A,N/A,N/A
cf:AAAACAAAACDh8QAAAAAAAAEAAADE+3Y2AQAAAAAAAAA=,61921,Entity,process_memory,N/A,[process] 1,cf:913767364,1,1,2019:03:22T13:17:40,0,4294724273,0,0,N/A,N/A,N/A,kernel,N/A,N/A,N/A,N/A,N/A,N/A,N/A,N/A,N/A,N/A,N/A,N/A,N/A,N/A,N/A
cf:AAEAAAAAACAM8gAAAAAAAAEAAADE+3Y2AAAAAAAAAAA=,61964,Entity,file,N/A,[file] 0,cf:913767364,0,1,2019:03:22T13:17:40,0,4294724285,0,0,N/A,N/A,N/A,unlabeled,0x8180,917527,5cc95d31-4a07-4876-a326-1f04213ccde6,N/A,N/A,N/A,N/A,N/A,N/A,N/A,N/A,N/A,N/A,N/A,N/A
cf:AAAACAAAACDj8QAAAAAAAAEAAADE+3Y2AAAAAAAAAAA=,61923,Entity,process_memory,N/A,[process] 0,cf:913767364,0,1,2019:03:22T13:17:40,0,4294724273,0,0,N/A,N/A,N/A,kernel,N/A,N/A,N/A,N/A,N/A,N/A,N/A,N/A,N/A,N/A,N/A,N/A,N/A,N/A,N/A
cf:AAEAAAAAACAM8gAAAAAAAAEAAADE+3Y2AQAAAAAAAAA=,61964,Entity,file,N/A,[file] 1,cf:913767364,1,1,2019:03:22T13:17:40,0,4294724285,0,0,N/A,N/A,N/A,unlabeled,0x8180,917527,5cc95d31-4a07-4876-a326-1f04213ccde6,N/A,N/A,N/A,N/A,N/A,N/A,N/A,N/A,N/A,N/A,N/A,N/A
cf:AAAACAAAACDj8QAAAAAAAAEAAADE+3Y2AQAAAAAAAAA=,61923,Entity,process_memory,N/A,[process] 1,cf:913767364,1,1,2019:03:22T13:17:40,0,4294724273,0,0,N/A,N/A,N/A,kernel,N/A,N/A,N/A,N/A,N/A,N/A,N/A,N/A,N/A,N/A,N/A,N/A,N/A,N/A,N/A
cf:AAEAAAAAACBlywAAAAAAAAEAAADE+3Y2AAAAAAAAAAA=,52069,Entity,file,N/A,[file] 0,cf:913767364,0,1,2019:03:22T13:17:40,0,4294724285,0,0,N/A,N/A,N/A,unlabeled,0x81a4,1703959,5cc95d31-4a07-4876-a326-1f04213ccde6,N/A,N/A,N/A,N/A,N/A,N/A,N/A,N/A,N/A,N/A,N/A,N/A
